,time,frequencies,channel,answer,prec_time,stimulus,subject,visual_cue,boundary,loc_change,changable_notes,time_difference,signal_theory,part
7,7.009,369.9944227116344,17.5,1,7.817,test4,p10,1,1,1,1,0.8079999999999998,hit,training
17,17.002,698.4564628660078,-17.5,0,0.0,test4,p10,1,0,0,1,-17.002,corr,training
22,22.0,830.6093951598903,1.0,1,22.497,test4,p10,1,0,1,1,0.4969999999999999,hit,training
27,27.012,523.2511306011972,17.5,1,27.696,test4,p10,1,1,1,1,0.684000000000001,hit,training
31,31.012,830.6093951598903,17.5,0,0.0,test4,p10,1,1,0,1,-31.012,corr,training
39,39.008,622.2539674441618,1.0,0,0.0,test4,p10,1,1,0,1,-39.008,corr,training
43,43.002,440.0,-17.5,1,43.748,test4,p10,1,1,1,1,0.7459999999999951,hit,training
51,51.011,293.6647679174076,1.0,1,51.783,test4,p10,1,1,1,1,0.7719999999999985,hit,training
54,54.0,349.2282314330039,17.5,1,54.653,test4,p10,1,0,1,1,0.6529999999999987,hit,training
55,55.012,698.4564628660078,17.5,0,0.0,test4,p10,1,1,0,0,-55.012,corr,training
6,6.001,277.1826309768721,1.0,0,0.0,test5,p10,1,0,0,1,-6.001,corr,training
12,12.001,622.2539674441618,1.0,1,12.701,test5,p10,1,0,1,1,0.7000000000000011,hit,training
19,19.0,587.3295358348151,-17.5,0,0.0,test5,p10,1,1,0,1,-19.0,corr,training
23,23.013,246.9416506280621,-17.5,0,0.0,test5,p10,1,1,0,1,-23.013,corr,training
35,35.004,349.2282314330039,1.0,1,35.688,test5,p10,1,1,1,1,0.6840000000000046,hit,training
43,43.007,329.6275569128699,-17.5,1,43.897,test5,p10,1,1,1,1,0.8900000000000006,hit,training
51,51.011,466.1637615180899,1.0,1,51.62,test5,p10,1,1,1,1,0.6089999999999947,hit,training
54,54.001,493.8833012561241,17.5,1,54.72,test5,p10,1,0,1,1,0.7190000000000012,hit,training
55,55.001,587.3295358348151,1.0,0,0.0,test5,p10,1,1,1,0,-55.001,miss,training
16,8.512,391.995436,-17.5,0,0.0,stim_maj_2_b,p10,1,1,0,1,-8.512,corr,main
27,13.014,349.2282314,-17.5,0,0.0,stim_maj_2_b,p10,1,0,0,1,-13.014,corr,main
55,24.007,523.2511306,1.0,1,24.699,stim_maj_2_b,p10,1,1,1,1,0.6920000000000002,hit,main
72,34.01,349.2282314,1.0,1,34.673,stim_maj_2_b,p10,1,0,1,1,0.6630000000000038,hit,main
82,39.007,261.6255653,17.5,0,0.0,stim_maj_2_b,p10,1,0,0,1,-39.007,corr,main
91,44.003,391.995436,1.0,0,0.0,stim_maj_2_b,p10,1,0,0,1,-44.003,corr,main
100,48.259,391.995436,-17.5,1,49.025,stim_maj_2_b,p10,1,1,1,0,0.7659999999999982,hit,main
107,50.005,783.990872,1.0,1,50.86,stim_maj_2_b,p10,1,0,1,1,0.8549999999999969,hit,main
132,60.013,293.6647679,17.5,1,60.748,stim_maj_2_b,p10,1,0,1,1,0.7349999999999994,hit,main
3,3.005,587.3295358348151,1.0,1,3.551,test2,p10,1,1,1,1,0.5460000000000003,hit,training
7,7.003,311.1269837220809,1.0,0,0.0,test2,p10,1,1,0,1,-7.003,corr,training
15,15.006,349.2282314330039,1.0,1,15.584,test2,p10,1,1,1,1,0.5779999999999994,hit,training
25,25.007,277.1826309768721,-17.5,1,25.551,test2,p10,1,0,0,1,0.5439999999999969,fa,training
30,30.009,415.3046975799451,1.0,1,30.758,test2,p10,1,0,1,1,0.7489999999999988,hit,training
36,36.001,349.2282314330039,17.5,1,37.059,test2,p10,1,0,1,1,1.0579999999999998,hit,training
43,43.013,698.4564628660078,1.0,1,43.697,test2,p10,1,1,1,1,0.6840000000000046,hit,training
47,47.03,233.08188075904496,1.0,0,0.0,test2,p10,1,1,0,1,-47.03,corr,training
51,51.01,554.3652619537442,-17.5,0,0.0,test2,p10,1,1,0,1,-51.01,corr,training
54,54.008,466.1637615180899,1.0,1,54.77,test2,p10,1,0,1,1,0.7620000000000005,hit,training
7,7.0,311.1269837220809,17.5,1,8.102,test3,p10,1,1,1,1,1.1020000000000003,hit,training
19,19.011,880.0,-17.5,1,20.332,test3,p10,1,1,1,1,1.3210000000000015,hit,training
23,23.012,739.9888454232688,1.0,0,0.0,test3,p10,1,1,0,1,-23.012,corr,training
27,27.014,391.99543598174927,1.0,0,0.0,test3,p10,1,1,0,1,-27.014,corr,training
31,31.013,369.9944227116344,17.5,1,32.09,test3,p10,1,1,1,1,1.0770000000000017,hit,training
36,36.001,369.9944227116344,1.0,0,0.0,test3,p10,1,0,0,1,-36.001,corr,training
46,46.015,659.2551138257398,1.0,1,46.905,test3,p10,1,0,1,1,0.8900000000000006,hit,training
51,51.011,311.1269837220809,17.5,1,51.895,test3,p10,1,1,1,1,0.8840000000000003,hit,training
54,54.012,261.6255653005986,1.0,1,54.821,test3,p10,1,0,1,1,0.8089999999999975,hit,training
55,55.008,783.9908719634985,1.0,0,0.0,test3,p10,1,1,0,0,-55.008,corr,training
6,2.006,415.3046976,1.0,1,2.663,stim_min_3_b,p10,1,0,1,1,0.657,hit,main
50,16.005,261.6255653,1.0,0,0.0,stim_min_3_b,p10,1,1,0,1,-16.005,corr,main
58,19.009,293.6647679,1.0,1,19.849,stim_min_3_b,p10,1,0,1,1,0.8399999999999999,hit,main
72,24.012,391.995436,-17.5,1,24.806,stim_min_3_b,p10,1,1,1,1,0.7940000000000005,hit,main
84,32.005,523.2511306,-17.5,0,0.0,stim_min_3_b,p10,1,1,0,1,-32.005,corr,main
92,38.012,783.990872,-17.5,0,0.0,stim_min_3_b,p10,1,0,0,1,-38.012,corr,main
100,42.011,415.3046976,1.0,0,0.0,stim_min_3_b,p10,1,0,0,1,-42.011,corr,main
111,48.265,195.997718,1.0,1,49.111,stim_min_3_b,p10,1,1,1,1,0.8459999999999965,hit,main
139,58.013,261.6255653,1.0,1,58.681,stim_min_3_b,p10,1,0,1,1,0.6679999999999993,hit,main
13,5.005,587.3295358,1.0,1,5.601,stim_min_1_b,p10,1,0,1,1,0.5960000000000001,hit,main
27,13.004,391.995436,1.0,1,13.75,stim_min_1_b,p10,1,0,1,1,0.7460000000000004,hit,main
34,20.013,493.8833013,-17.5,0,0.0,stim_min_1_b,p10,1,0,0,1,-20.013,corr,main
45,29.0,349.2282314,17.5,1,29.873,stim_min_1_b,p10,1,0,1,1,0.8730000000000011,hit,main
58,36.01,391.995436,1.0,1,36.601,stim_min_1_b,p10,1,0,1,1,0.5910000000000011,hit,main
62,38.002,293.6647679,1.0,1,38.643,stim_min_1_b,p10,1,0,0,1,0.6409999999999982,fa,main
65,40.003,261.6255653,-17.5,1,40.986,stim_min_1_b,p10,1,1,1,1,0.982999999999997,hit,main
84,48.006,391.995436,-17.5,0,0.0,stim_min_1_b,p10,1,1,0,1,-48.006,corr,main
99,56.0,261.6255653,1.0,1,56.734,stim_min_1_b,p10,1,1,1,1,0.7340000000000018,hit,main
3,3.011,246.9416506280621,-17.5,0,0.0,test1,p10,1,1,0,1,-3.011,corr,training
7,7.004,523.2511306011972,1.0,1,7.703,test1,p10,1,1,1,1,0.6990000000000007,hit,training
14,14.003,349.2282314330039,1.0,0,0.0,test1,p10,1,0,0,1,-14.003,corr,training
19,19.009,659.2551138257398,17.5,0,0.0,test1,p10,1,1,0,1,-19.009,corr,training
27,27.006,554.3652619537442,1.0,1,27.799,test1,p10,1,1,1,1,0.7929999999999993,hit,training
30,30.013,369.9944227116344,-17.5,1,30.718,test1,p10,1,0,1,1,0.7049999999999983,hit,training
39,39.007,698.4564628660078,17.5,0,0.0,test1,p10,1,1,0,1,-39.007,corr,training
47,47.01,880.0,-17.5,1,47.847,test1,p10,1,1,1,1,0.8370000000000033,hit,training
54,54.007,415.3046975799451,1.0,1,54.8,test1,p10,1,0,1,1,0.7929999999999993,hit,training
55,55.003,415.3046975799451,17.5,0,0.0,test1,p10,1,1,1,0,-55.003,miss,training
14,4.009,493.8833013,-17.5,1,4.678,stim_min_3_a,p10,1,0,0,1,0.6689999999999996,fa,main
29,8.259,523.2511306,-17.5,0,0.0,stim_min_3_a,p10,1,1,0,1,-8.259,corr,main
58,19.015,293.6647679,17.5,1,19.845,stim_min_3_a,p10,1,0,1,1,0.8299999999999983,hit,main
79,29.014,391.995436,-17.5,1,29.832,stim_min_3_a,p10,1,0,1,1,0.8180000000000014,hit,main
86,33.013,622.2539674,1.0,0,0.0,stim_min_3_a,p10,1,0,0,1,-33.013,corr,main
111,48.26,195.997718,1.0,1,49.069,stim_min_3_a,p10,1,1,1,1,0.8090000000000046,hit,main
120,51.003,246.9416506,1.0,0,0.0,stim_min_3_a,p10,1,0,0,1,-51.003,corr,main
134,55.004,261.6255653,-17.5,0,0.0,stim_min_3_a,p10,1,0,0,1,-55.004,corr,main
143,60.002,311.1269837,1.0,0,0.0,stim_min_3_a,p10,1,0,0,1,-60.002,corr,main
41,13.013,659.2551138,17.5,1,13.872,stim_maj_3_a,p10,1,0,1,1,0.859,hit,main
52,16.006,261.6255653,17.5,0,0.0,stim_maj_3_a,p10,1,1,0,1,-16.006,corr,main
54,18.007,329.6275569,1.0,1,18.769,stim_maj_3_a,p10,1,0,1,1,0.7619999999999969,hit,main
60,22.015,329.6275569,-17.5,1,22.789,stim_maj_3_a,p10,1,0,1,1,0.7740000000000009,hit,main
86,32.006,523.2511306,1.0,1,32.671,stim_maj_3_a,p10,1,1,1,1,0.6649999999999991,hit,main
108,39.008,493.8833013,1.0,0,0.0,stim_maj_3_a,p10,1,0,0,1,-39.008,corr,main
121,45.012,349.2282314,17.5,0,0.0,stim_maj_3_a,p10,1,0,0,1,-45.012,corr,main
130,48.001,523.2511306,17.5,0,0.0,stim_maj_3_a,p10,1,1,0,1,-48.001,corr,main
150,53.02,698.4564629,-17.5,1,53.85,stim_maj_3_a,p10,1,0,1,1,0.8299999999999983,hit,main
14,6.01,311.1269837,1.0,1,6.494,stim_min_2_a,p10,1,0,1,1,0.484,hit,main
21,8.551,391.995436,17.5,1,9.411,stim_min_2_a,p10,1,1,1,1,0.8599999999999994,hit,main
29,12.006,246.9416506,1.0,1,12.685,stim_min_2_a,p10,1,0,1,1,0.6790000000000003,hit,main
64,24.513,261.6255653,1.0,1,25.151,stim_min_2_a,p10,1,1,1,1,0.6379999999999981,hit,main
69,27.006,293.6647679,1.0,0,0.0,stim_min_2_a,p10,1,0,0,1,-27.006,corr,main
82,31.012,391.995436,1.0,0,0.0,stim_min_2_a,p10,1,0,0,1,-31.012,corr,main
94,40.505,261.6255653,17.5,0,0.0,stim_min_2_a,p10,1,1,0,1,-40.505,corr,main
107,49.011,261.6255653,-17.5,0,0.0,stim_min_2_a,p10,1,0,0,1,-49.011,corr,main
125,62.012,311.1269837,17.5,1,62.748,stim_min_2_a,p10,1,0,1,1,0.7359999999999971,hit,main
27,11.001,246.9416506,1.0,1,12.213,stim_min_2_b,p10,1,0,1,1,1.2119999999999997,hit,main
55,20.013,698.4564629,1.0,1,20.497,stim_min_2_b,p10,1,0,1,1,0.4839999999999982,hit,main
59,22.014,659.2551138,17.5,1,22.683,stim_min_2_b,p10,1,0,1,1,0.6690000000000005,hit,main
64,24.503,261.6255653,1.0,1,25.218,stim_min_2_b,p10,1,1,1,1,0.7149999999999999,hit,main
76,29.005,261.6255653,1.0,0,0.0,stim_min_2_b,p10,1,0,0,1,-29.005,corr,main
87,36.009,261.6255653,-17.5,1,36.79,stim_min_2_b,p10,1,0,1,1,0.7809999999999988,hit,main
94,40.509,261.6255653,-17.5,0,0.0,stim_min_2_b,p10,1,1,0,1,-40.509,corr,main
106,48.009,391.995436,1.0,1,48.662,stim_min_2_b,p10,1,1,1,1,0.6529999999999987,hit,main
118,56.51,391.995436,1.0,0,0.0,stim_min_2_b,p10,1,1,0,1,-56.51,corr,main
3,2.009,349.2282314,-17.5,0,0.0,stim_maj_2_b,p11,1,0,0,1,-2.009,corr,main
22,11.013,391.995436,1.0,1,11.604,stim_maj_2_b,p11,1,0,1,1,0.5909999999999993,hit,main
27,13.002,349.2282314,1.0,0,0.0,stim_maj_2_b,p11,1,0,0,1,-13.002,corr,main
33,16.505,261.6255653,17.5,1,17.143,stim_maj_2_b,p11,1,1,1,0,0.6380000000000017,hit,main
55,24.013,523.2511306,17.5,0,0.0,stim_maj_2_b,p11,1,1,0,1,-24.013,corr,main
66,31.008,523.2511306,1.0,1,31.646,stim_maj_2_b,p11,1,0,1,1,0.6380000000000017,hit,main
82,39.014,261.6255653,-17.5,1,39.682,stim_maj_2_b,p11,1,0,1,1,0.6679999999999993,hit,main
128,56.006,261.6255653,-17.5,1,56.644,stim_maj_2_b,p11,1,1,1,1,0.6379999999999981,hit,main
132,60.012,293.6647679,1.0,1,60.715,stim_maj_2_b,p11,1,0,1,1,0.703000000000003,hit,main
3,2.009,349.2282314,1.0,1,2.634,stim_maj_2_a,p11,1,0,1,1,0.625,hit,main
14,7.001,329.6275569,17.5,0,0.0,stim_maj_2_a,p11,1,0,0,1,-7.001,corr,main
24,12.001,261.6255653,-17.5,1,12.519,stim_maj_2_a,p11,1,0,1,1,0.5180000000000007,hit,main
55,24.008,523.2511306,1.0,1,24.555,stim_maj_2_a,p11,1,1,1,1,0.5470000000000006,hit,main
77,36.002,329.6275569,1.0,0,0.0,stim_maj_2_a,p11,1,0,0,1,-36.002,corr,main
83,40.008,261.6255653,17.5,1,40.583,stim_maj_2_a,p11,1,1,1,1,0.5749999999999957,hit,main
93,45.01,329.6275569,1.0,1,45.599,stim_maj_2_a,p11,1,0,1,1,0.5889999999999986,hit,main
126,55.006,659.2551138,1.0,1,55.584,stim_maj_2_a,p11,1,0,1,1,0.578000000000003,hit,main
131,59.006,349.2282314,1.0,0,0.0,stim_maj_2_a,p11,1,0,0,1,-59.006,corr,main
5,2.011,523.2511306,1.0,1,2.94,stim_min_1_b,p11,1,0,1,1,0.9289999999999998,hit,main
23,11.002,391.995436,17.5,1,11.626,stim_min_1_b,p11,1,0,1,1,0.6239999999999988,hit,main
30,16.0,391.995436,17.5,0,0.0,stim_min_1_b,p11,1,1,0,1,-16.0,corr,main
37,23.003,311.1269837,1.0,1,23.574,stim_min_1_b,p11,1,0,1,1,0.5710000000000015,hit,main
50,32.015,261.6255653,1.0,1,32.78,stim_min_1_b,p11,1,1,1,1,0.7650000000000006,hit,main
58,36.015,391.995436,17.5,1,36.627,stim_min_1_b,p11,1,0,1,1,0.6120000000000019,hit,main
65,40.014,261.6255653,-17.5,1,40.764,stim_min_1_b,p11,1,1,1,1,0.75,hit,main
78,45.015,246.9416506,-17.5,0,0.0,stim_min_1_b,p11,1,0,0,1,-45.015,corr,main
99,56.012,261.6255653,1.0,0,0.0,stim_min_1_b,p11,1,1,0,1,-56.012,corr,main
50,16.002,261.6255653,17.5,0,0.0,stim_min_3_a,p11,1,1,0,1,-16.002,corr,main
73,25.016,261.6255653,1.0,1,25.77,stim_min_3_a,p11,1,0,0,1,0.7540000000000013,fa,main
79,29.012,391.995436,1.0,1,29.786,stim_min_3_a,p11,1,0,0,1,0.7740000000000009,fa,main
84,32.012,523.2511306,17.5,1,32.604,stim_min_3_a,p11,1,1,1,1,0.5919999999999987,hit,main
97,40.504,391.995436,1.0,1,41.403,stim_min_3_a,p11,1,1,1,1,0.8990000000000009,hit,main
104,44.004,466.1637615,-17.5,1,44.751,stim_min_3_a,p11,1,0,1,1,0.7469999999999999,hit,main
118,50.003,311.1269837,1.0,0,0.0,stim_min_3_a,p11,1,0,0,1,-50.003,corr,main
126,53.008,293.6647679,17.5,1,53.633,stim_min_3_a,p11,1,0,1,1,0.625,hit,main
135,56.514,391.995436,17.5,0,0.0,stim_min_3_a,p11,1,1,0,1,-56.514,corr,main
10,4.001,523.2511306,1.0,0,0.0,stim_min_1_a,p11,1,0,1,1,-4.001,miss,main
20,8.011,261.6255653,17.5,1,8.806,stim_min_1_a,p11,1,1,1,1,0.7949999999999999,hit,main
38,24.501,391.995436,1.0,0,0.0,stim_min_1_a,p11,1,1,0,1,-24.501,corr,main
42,27.001,261.6255653,17.5,1,27.609,stim_min_1_a,p11,1,0,1,1,0.6080000000000005,hit,main
54,34.001,311.1269837,-17.5,1,34.744,stim_min_1_a,p11,1,0,1,1,0.7430000000000021,hit,main
72,43.011,391.995436,1.0,1,43.461,stim_min_1_a,p11,1,0,1,1,0.44999999999999574,hit,main
84,48.003,391.995436,1.0,0,0.0,stim_min_1_a,p11,1,1,0,1,-48.003,corr,main
99,56.011,261.6255653,17.5,1,56.573,stim_min_1_a,p11,1,1,1,1,0.5619999999999976,hit,main
111,58.01,391.995436,17.5,0,0.0,stim_min_1_a,p11,1,0,0,1,-58.01,corr,main
22,6.015,523.2511306,1.0,0,0.0,stim_min_3_b,p11,1,0,0,1,-6.015,corr,main
50,16.001,261.6255653,-17.5,1,16.53,stim_min_3_b,p11,1,1,1,1,0.5289999999999999,hit,main
70,23.008,311.1269837,17.5,1,23.586,stim_min_3_b,p11,1,0,1,1,0.5779999999999994,hit,main
84,32.005,523.2511306,1.0,1,32.982,stim_min_3_b,p11,1,1,0,1,0.9769999999999968,fa,main
92,38.013,783.990872,-17.5,0,0.0,stim_min_3_b,p11,1,0,0,1,-38.013,corr,main
111,48.259,195.997718,1.0,1,48.88,stim_min_3_b,p11,1,1,1,1,0.6210000000000022,hit,main
118,50.014,311.1269837,17.5,1,51.163,stim_min_3_b,p11,1,0,1,1,1.1489999999999938,hit,main
126,53.002,293.6647679,17.5,0,0.0,stim_min_3_b,p11,1,0,0,1,-53.002,corr,main
139,58.009,261.6255653,17.5,0,0.0,stim_min_3_b,p11,1,0,0,1,-58.009,corr,main
15,5.009,523.2511306,1.0,1,5.59,stim_maj_3_a,p11,1,0,1,1,0.5809999999999995,hit,main
52,16.009,261.6255653,17.5,0,0.0,stim_maj_3_a,p11,1,1,0,1,-16.009,corr,main
54,18.009,329.6275569,1.0,1,18.463,stim_maj_3_a,p11,1,0,1,1,0.4540000000000006,hit,main
60,22.012,329.6275569,1.0,0,0.0,stim_maj_3_a,p11,1,0,0,1,-22.012,corr,main
64,24.507,391.995436,1.0,0,0.0,stim_maj_3_a,p11,1,1,0,1,-24.507,corr,main
110,40.5,391.995436,1.0,1,41.028,stim_maj_3_a,p11,1,1,1,1,0.5279999999999987,hit,main
130,48.006,523.2511306,17.5,1,48.581,stim_maj_3_a,p11,1,1,1,1,0.5750000000000028,hit,main
142,51.011,391.995436,1.0,1,51.727,stim_maj_3_a,p11,1,0,1,1,0.715999999999994,hit,main
150,53.005,698.4564629,-17.5,1,53.736,stim_maj_3_a,p11,1,0,1,1,0.7309999999999945,hit,main
18,8.508,391.995436,-17.5,0,0.0,stim_maj_1_b,p11,1,1,0,1,-8.508,corr,main
58,24.009,391.995436,17.5,1,24.584,stim_maj_1_b,p11,1,1,1,1,0.5749999999999993,hit,main
84,34.011,391.995436,-17.5,1,34.527,stim_maj_1_b,p11,1,0,1,1,0.5159999999999982,hit,main
89,37.004,349.2282314,-17.5,0,0.0,stim_maj_1_b,p11,1,0,0,1,-37.004,corr,main
95,40.01,261.6255653,1.0,1,40.519,stim_maj_1_b,p11,1,1,1,1,0.5090000000000003,hit,main
110,46.005,523.2511306,1.0,1,46.533,stim_maj_1_b,p11,1,0,1,1,0.5279999999999987,hit,main
121,51.001,261.6255653,1.0,1,51.696,stim_maj_1_b,p11,1,0,1,1,0.6950000000000003,hit,main
130,56.513,523.2511306,17.5,1,57.088,stim_maj_1_b,p11,1,1,1,1,0.5750000000000028,hit,main
19,6.011,587.3295358,1.0,0,0.0,stim_maj_3_b,p11,1,0,0,1,-6.011,corr,main
22,8.255,783.990872,1.0,0,0.0,stim_maj_3_b,p11,1,1,0,1,-8.255,corr,main
33,11.004,698.4564629,17.5,1,11.469,stim_maj_3_b,p11,1,0,1,1,0.46499999999999986,hit,main
52,16.004,261.6255653,17.5,0,0.0,stim_maj_3_b,p11,1,1,0,1,-16.004,corr,main
55,19.015,349.2282314,1.0,1,19.861,stim_maj_3_b,p11,1,0,1,1,0.8460000000000001,hit,main
86,32.003,523.2511306,-17.5,1,32.685,stim_maj_3_b,p11,1,1,1,1,0.6820000000000022,hit,main
97,36.013,587.3295358,1.0,1,36.949,stim_maj_3_b,p11,1,0,1,1,0.9359999999999999,hit,main
110,40.501,391.995436,17.5,0,0.0,stim_maj_3_b,p11,1,1,0,1,-40.501,corr,main
165,59.009,391.995436,17.5,1,59.708,stim_maj_3_b,p11,1,0,1,1,0.6989999999999981,hit,main
35,16.01,261.6255653,17.5,1,16.71,stim_maj_1_a,p11,1,1,1,1,0.6999999999999993,hit,main
79,32.002,523.2511306,1.0,0,0.0,stim_maj_1_a,p11,1,1,0,1,-32.002,corr,main
89,37.002,349.2282314,-17.5,1,37.53,stim_maj_1_a,p11,1,0,1,1,0.5279999999999987,hit,main
95,40.004,261.6255653,1.0,1,40.875,stim_maj_1_a,p11,1,1,1,1,0.8710000000000022,hit,main
126,53.008,293.6647679,1.0,0,0.0,stim_maj_1_a,p11,1,0,0,1,-53.008,corr,main
130,56.513,523.2511306,-17.5,1,57.123,stim_maj_1_a,p11,1,1,1,1,0.6099999999999994,hit,main
134,59.007,440.0,1.0,1,60.206,stim_maj_1_a,p11,1,0,1,1,1.1990000000000052,hit,main
136,61.006,391.995436,17.5,1,61.912,stim_maj_1_a,p11,1,0,1,1,0.9059999999999988,hit,main
12,5.013,523.2511306,1.0,0,0.0,stim_min_2_b,p11,1,0,0,1,-5.013,corr,main
42,16.002,523.2511306,17.5,0,0.0,stim_min_2_b,p11,1,1,0,1,-16.002,corr,main
78,30.01,311.1269837,-17.5,1,30.662,stim_min_2_b,p11,1,0,1,1,0.6519999999999975,hit,main
83,32.002,261.6255653,1.0,1,33.016,stim_min_2_b,p11,1,1,1,1,1.0139999999999958,hit,main
87,36.009,261.6255653,17.5,0,0.0,stim_min_2_b,p11,1,0,0,1,-36.009,corr,main
91,38.001,246.9416506,17.5,0,0.0,stim_min_2_b,p11,1,0,0,1,-38.001,corr,main
107,49.008,261.6255653,-17.5,1,49.598,stim_min_2_b,p11,1,0,1,1,0.5899999999999963,hit,main
118,56.507,391.995436,1.0,1,57.364,stim_min_2_b,p11,1,1,1,1,0.8569999999999993,hit,main
121,59.015,391.995436,17.5,1,59.75,stim_min_2_b,p11,1,0,1,1,0.7349999999999994,hit,main
21,8.511,391.995436,1.0,1,9.085,stim_min_2_a,p11,1,1,1,1,0.5740000000000016,hit,main
42,16.002,523.2511306,1.0,0,0.0,stim_min_2_a,p11,1,1,0,1,-16.002,corr,main
55,20.013,698.4564629,1.0,1,20.651,stim_min_2_a,p11,1,0,1,1,0.6379999999999981,hit,main
64,24.512,261.6255653,1.0,0,0.0,stim_min_2_a,p11,1,1,0,1,-24.512,corr,main
69,27.005,293.6647679,1.0,0,0.0,stim_min_2_a,p11,1,0,0,1,-27.005,corr,main
94,40.509,261.6255653,17.5,1,41.1,stim_min_2_a,p11,1,1,1,1,0.5910000000000011,hit,main
105,47.004,391.995436,1.0,1,47.547,stim_min_2_a,p11,1,0,1,1,0.5429999999999993,hit,main
107,49.013,261.6255653,-17.5,1,49.944,stim_min_2_a,p11,1,0,1,1,0.9310000000000045,hit,main
121,59.003,391.995436,17.5,1,59.999,stim_min_2_a,p11,1,0,1,1,0.9960000000000022,hit,main
3,3.015,246.9416506280621,1.0,0,0.0,test1,p11,1,1,0,1,-3.015,corr,training
7,7.005,523.2511306011972,17.5,1,7.908,test1,p11,1,1,1,1,0.9030000000000005,hit,training
11,11.01,523.2511306011972,17.5,0,0.0,test1,p11,1,1,0,1,-11.01,corr,training
20,20.014,415.3046975799451,1.0,0,0.0,test1,p11,1,0,0,1,-20.014,corr,training
23,23.012,830.6093951598903,-17.5,1,23.54,test1,p11,1,1,1,1,0.5279999999999987,hit,training
31,31.004,523.2511306011972,1.0,0,0.0,test1,p11,1,1,0,1,-31.004,corr,training
35,35.008,587.3295358348151,1.0,0,0.0,test1,p11,1,1,0,1,-35.008,corr,training
41,41.005,659.2551138257398,17.5,1,41.47,test1,p11,1,0,0,1,0.4649999999999963,fa,training
54,54.006,415.3046975799451,1.0,1,54.721,test1,p11,1,0,1,1,0.7149999999999963,hit,training
55,55.002,415.3046975799451,17.5,0,0.0,test1,p11,1,1,1,0,-55.002,miss,training
3,3.009,261.6255653005986,-17.5,0,0.0,test3,p11,1,1,0,1,-3.009,corr,training
12,12.008,587.3295358348151,17.5,1,12.507,test3,p11,1,0,1,1,0.49900000000000055,hit,training
27,27.002,391.99543598174927,1.0,1,27.533,test3,p11,1,1,1,1,0.5310000000000024,hit,training
31,31.005,369.9944227116344,17.5,1,31.596,test3,p11,1,1,1,1,0.5910000000000011,hit,training
35,35.006,523.2511306011972,17.5,1,36.469,test3,p11,1,1,0,1,1.463000000000001,fa,training
43,43.014,659.2551138257398,-17.5,1,43.56,test3,p11,1,1,1,1,0.5459999999999994,hit,training
49,49.005,698.4564628660078,1.0,0,0.0,test3,p11,1,0,0,1,-49.005,corr,training
54,54.01,261.6255653005986,17.5,1,55.178,test3,p11,1,0,1,1,1.1679999999999993,hit,training
1,1.012,554.3652619537442,1.0,0,0.0,test2,p11,1,0,1,1,-1.012,miss,training
7,7.006,311.1269837220809,1.0,1,7.722,test2,p11,1,1,0,1,0.7160000000000002,fa,training
14,14.008,783.9908719634985,17.5,0,0.0,test2,p11,1,0,0,1,-14.008,corr,training
19,19.009,329.6275569128699,-17.5,1,19.693,test2,p11,1,1,1,1,0.684000000000001,hit,training
27,27.014,466.1637615180899,1.0,0,0.0,test2,p11,1,1,0,1,-27.014,corr,training
35,35.011,277.1826309768721,17.5,0,0.0,test2,p11,1,1,0,1,-35.011,corr,training
39,39.011,329.6275569128699,1.0,1,39.648,test2,p11,1,1,1,1,0.6370000000000005,hit,training
47,47.005,233.08188075904496,-17.5,0,0.0,test2,p11,1,1,1,1,-47.005,miss,training
51,51.006,554.3652619537442,1.0,1,51.63,test2,p11,1,1,1,1,0.6240000000000023,hit,training
54,54.012,466.1637615180899,17.5,1,54.619,test2,p11,1,0,1,1,0.6069999999999993,hit,training
18,5.006,622.2539674,1.0,1,5.52,stim_min_3_a,p05,1,0,1,1,0.5139999999999993,hit,main
29,8.251,523.2511306,35.0,1,8.898,stim_min_3_a,p05,1,1,1,1,0.6470000000000002,hit,main
44,14.006,698.4564629,1.0,1,14.521,stim_min_3_a,p05,1,0,1,1,0.5150000000000006,hit,main
54,18.013,415.3046976,-35.0,1,18.651,stim_min_3_a,p05,1,0,1,1,0.6379999999999981,hit,main
73,25.012,261.6255653,-35.0,0,0.0,stim_min_3_a,p05,1,0,0,1,-25.012,corr,main
79,29.009,391.995436,1.0,1,29.556,stim_min_3_a,p05,1,0,1,1,0.5470000000000006,hit,main
97,40.502,391.995436,35.0,0,0.0,stim_min_3_a,p05,1,1,0,1,-40.502,corr,main
106,45.01,415.3046976,1.0,1,45.6,stim_min_3_a,p05,1,0,1,1,0.5900000000000034,hit,main
111,48.258,195.997718,-35.0,1,48.914,stim_min_3_a,p05,1,1,1,1,0.6559999999999988,hit,main
28,14.002,246.9416506,-35.0,0,0.0,stim_min_1_b,p05,1,0,0,1,-14.002,corr,main
41,26.005,246.9416506,1.0,1,26.548,stim_min_1_b,p05,1,0,1,1,0.5429999999999993,hit,main
50,32.008,261.6255653,-35.0,0,0.0,stim_min_1_b,p05,1,1,0,1,-32.008,corr,main
65,40.013,261.6255653,1.0,1,40.607,stim_min_1_b,p05,1,1,1,1,0.5940000000000012,hit,main
76,44.009,391.995436,35.0,1,44.477,stim_min_1_b,p05,1,0,1,1,0.4679999999999964,hit,main
84,48.013,391.995436,1.0,0,0.0,stim_min_1_b,p05,1,1,0,1,-48.013,corr,main
95,53.011,293.6647679,1.0,0,0.0,stim_min_1_b,p05,1,0,0,1,-53.011,corr,main
105,57.013,311.1269837,35.0,1,57.482,stim_min_1_b,p05,1,0,1,1,0.4690000000000012,hit,main
37,11.004,391.995436,35.0,1,11.832,stim_min_3_b,p05,1,0,1,1,0.8280000000000012,hit,main
50,16.015,261.6255653,1.0,1,16.908,stim_min_3_b,p05,1,1,1,1,0.8930000000000007,hit,main
73,25.004,261.6255653,-35.0,1,25.735,stim_min_3_b,p05,1,0,1,1,0.7309999999999981,hit,main
78,28.01,415.3046976,-35.0,0,0.0,stim_min_3_b,p05,1,0,0,1,-28.01,corr,main
84,32.002,523.2511306,-35.0,0,0.0,stim_min_3_b,p05,1,1,0,1,-32.002,corr,main
97,40.512,391.995436,1.0,1,41.043,stim_min_3_b,p05,1,1,1,1,0.5309999999999988,hit,main
104,44.003,466.1637615,35.0,1,44.578,stim_min_3_b,p05,1,0,1,1,0.5750000000000028,hit,main
111,48.258,195.997718,1.0,1,48.944,stim_min_3_b,p05,1,1,1,1,0.6859999999999999,hit,main
148,62.001,195.997718,35.0,1,62.704,stim_min_3_b,p05,1,0,1,1,0.703000000000003,hit,main
10,4.004,523.2511306,1.0,1,4.52,stim_min_1_a,p05,1,0,1,1,0.516,hit,main
20,8.014,261.6255653,1.0,0,0.0,stim_min_1_a,p05,1,1,0,1,-8.014,corr,main
27,13.002,391.995436,35.0,0,0.0,stim_min_1_a,p05,1,0,0,1,-13.002,corr,main
32,18.013,391.995436,1.0,0,0.0,stim_min_1_a,p05,1,0,0,1,-18.013,corr,main
50,32.012,261.6255653,1.0,1,33.071,stim_min_1_a,p05,1,1,1,1,1.0589999999999975,hit,main
58,36.015,391.995436,35.0,1,36.764,stim_min_1_a,p05,1,0,1,1,0.7490000000000023,hit,main
62,38.01,293.6647679,1.0,1,38.929,stim_min_1_a,p05,1,0,1,1,0.919000000000004,hit,main
99,56.008,261.6255653,35.0,1,56.833,stim_min_1_a,p05,1,1,1,1,0.8249999999999957,hit,main
115,60.007,440.0,35.0,0,0.0,stim_min_1_a,p05,1,0,0,1,-60.007,corr,main
14,7.01,329.6275569,1.0,1,7.463,stim_maj_2_b,p05,1,0,1,1,0.4530000000000003,hit,main
33,16.504,261.6255653,1.0,1,17.048,stim_maj_2_b,p05,1,1,1,0,0.5439999999999969,hit,main
47,21.011,391.995436,1.0,0,0.0,stim_maj_2_b,p05,1,0,0,1,-21.011,corr,main
54,23.0,261.6255653,-35.0,1,23.727,stim_maj_2_b,p05,1,0,0,1,0.7270000000000003,fa,main
61,28.008,523.2511306,1.0,0,0.0,stim_maj_2_b,p05,1,0,0,1,-28.008,corr,main
100,48.252,391.995436,1.0,0,0.0,stim_maj_2_b,p05,1,1,0,0,-48.252,corr,main
128,56.013,261.6255653,-35.0,1,56.698,stim_maj_2_b,p05,1,1,1,1,0.6850000000000023,hit,main
132,60.011,293.6647679,1.0,1,60.633,stim_maj_2_b,p05,1,0,1,1,0.6219999999999999,hit,main
16,8.507,391.995436,1.0,0,0.0,stim_maj_2_a,p05,1,1,0,1,-8.507,corr,main
33,16.501,261.6255653,35.0,0,0.0,stim_maj_2_a,p05,1,1,0,0,-16.501,corr,main
39,18.01,293.6647679,1.0,1,18.579,stim_maj_2_a,p05,1,0,1,1,0.5689999999999991,hit,main
59,27.003,523.2511306,-35.0,0,0.0,stim_maj_2_a,p05,1,0,0,1,-27.003,corr,main
64,29.009,587.3295358,1.0,1,29.474,stim_maj_2_a,p05,1,0,1,1,0.46499999999999986,hit,main
83,40.015,261.6255653,1.0,1,40.546,stim_maj_2_a,p05,1,1,1,1,0.5309999999999988,hit,main
99,47.01,261.6255653,-35.0,1,47.569,stim_maj_2_a,p05,1,0,1,1,0.5590000000000046,hit,main
111,51.012,587.3295358,1.0,1,51.618,stim_maj_2_a,p05,1,0,1,1,0.6060000000000016,hit,main
132,60.009,293.6647679,35.0,1,60.631,stim_maj_2_a,p05,1,0,1,1,0.6219999999999999,hit,main
9,4.001,349.2282314,-35.0,0,0.0,stim_min_2_b,p05,1,0,0,1,-4.001,corr,main
46,17.015,440.0,35.0,1,17.718,stim_min_2_b,p05,1,0,1,1,0.7029999999999994,hit,main
64,24.51,261.6255653,35.0,0,0.0,stim_min_2_b,p05,1,1,0,1,-24.51,corr,main
94,40.511,261.6255653,1.0,1,41.788,stim_min_2_b,p05,1,1,1,1,1.276999999999994,hit,main
105,47.001,391.995436,35.0,1,47.931,stim_min_2_b,p05,1,0,1,1,0.9299999999999997,hit,main
109,50.002,466.1637615,1.0,1,50.583,stim_min_2_b,p05,1,0,1,1,0.580999999999996,hit,main
113,52.001,391.995436,1.0,0,0.0,stim_min_2_b,p05,1,0,0,1,-52.001,corr,main
115,54.006,311.1269837,-35.0,1,54.674,stim_min_2_b,p05,1,0,1,1,0.6679999999999993,hit,main
29,12.014,246.9416506,1.0,0,0.0,stim_min_2_a,p05,1,0,0,1,-12.014,corr,main
42,16.008,523.2511306,35.0,1,16.618,stim_min_2_a,p05,1,1,1,1,0.6099999999999994,hit,main
48,18.009,830.6093952,1.0,1,18.63,stim_min_2_a,p05,1,0,1,1,0.6209999999999987,hit,main
64,24.506,261.6255653,1.0,0,0.0,stim_min_2_a,p05,1,1,0,1,-24.506,corr,main
73,28.002,311.1269837,-35.0,1,28.565,stim_min_2_a,p05,1,0,1,1,0.5630000000000024,hit,main
87,36.003,261.6255653,35.0,1,36.49,stim_min_2_a,p05,1,0,1,1,0.4870000000000019,hit,main
93,39.01,195.997718,35.0,0,0.0,stim_min_2_a,p05,1,0,0,1,-39.01,corr,main
102,45.003,391.995436,-35.0,0,0.0,stim_min_2_a,p05,1,0,0,1,-45.003,corr,main
106,48.006,391.995436,1.0,1,48.581,stim_min_2_a,p05,1,1,1,1,0.5750000000000028,hit,main
18,8.501,391.995436,1.0,1,9.035,stim_maj_1_b,p05,1,1,1,1,0.5340000000000007,hit,main
79,32.005,523.2511306,-35.0,0,0.0,stim_maj_1_b,p05,1,1,0,1,-32.005,corr,main
87,35.009,440.0,1.0,1,35.522,stim_maj_1_b,p05,1,0,1,1,0.5129999999999981,hit,main
91,38.002,293.6647679,35.0,1,38.639,stim_maj_1_b,p05,1,1,1,1,0.6370000000000005,hit,main
99,42.005,440.0,-35.0,1,42.523,stim_maj_1_b,p05,1,0,1,1,0.5180000000000007,hit,main
110,46.015,523.2511306,1.0,1,46.543,stim_maj_1_b,p05,1,0,1,1,0.5279999999999987,hit,main
115,48.011,246.9416506,35.0,1,48.822,stim_maj_1_b,p05,1,1,1,1,0.8109999999999999,hit,main
118,50.006,195.997718,35.0,0,0.0,stim_maj_1_b,p05,1,0,0,1,-50.006,corr,main
11,4.007,587.3295358,1.0,1,4.565,stim_maj_3_a,p05,1,0,1,1,0.5580000000000007,hit,main
33,11.003,698.4564629,1.0,1,11.535,stim_maj_3_a,p05,1,0,1,1,0.532,hit,main
64,24.511,391.995436,1.0,0,0.0,stim_maj_3_a,p05,1,1,0,1,-24.511,corr,main
75,28.004,329.6275569,35.0,1,28.56,stim_maj_3_a,p05,1,0,1,1,0.5559999999999974,hit,main
110,40.51,391.995436,-35.0,1,41.085,stim_maj_3_a,p05,1,1,1,1,0.5750000000000028,hit,main
130,48.007,523.2511306,-35.0,0,0.0,stim_maj_3_a,p05,1,1,0,1,-48.007,corr,main
142,51.006,391.995436,-35.0,0,0.0,stim_maj_3_a,p05,1,0,0,1,-51.006,corr,main
154,54.009,391.995436,1.0,1,54.458,stim_maj_3_a,p05,1,0,1,1,0.44899999999999807,hit,main
159,56.544,261.6255653,35.0,1,57.294,stim_maj_3_a,p05,1,1,1,1,0.75,hit,main
18,8.513,391.995436,1.0,1,9.119,stim_maj_1_a,p05,1,1,1,1,0.6059999999999999,hit,main
51,21.015,261.6255653,35.0,1,21.636,stim_maj_1_a,p05,1,0,1,1,0.6209999999999987,hit,main
70,28.003,523.2511306,-35.0,1,28.52,stim_maj_1_a,p05,1,0,1,1,0.5169999999999995,hit,main
73,30.001,391.995436,1.0,1,30.638,stim_maj_1_a,p05,1,0,1,1,0.6370000000000005,hit,main
95,40.01,261.6255653,-35.0,1,40.632,stim_maj_1_a,p05,1,1,1,1,0.6219999999999999,hit,main
115,48.007,246.9416506,1.0,1,48.878,stim_maj_1_a,p05,1,1,1,1,0.8710000000000022,hit,main
130,56.512,523.2511306,1.0,0,0.0,stim_maj_1_a,p05,1,1,0,1,-56.512,corr,main
134,59.005,440.0,35.0,1,59.548,stim_maj_1_a,p05,1,0,1,1,0.5429999999999993,hit,main
7,2.013,391.995436,1.0,1,2.732,stim_maj_3_b,p05,1,0,1,1,0.7190000000000003,hit,main
11,4.005,587.3295358,35.0,1,4.63,stim_maj_3_b,p05,1,0,1,1,0.625,hit,main
19,6.009,587.3295358,1.0,1,6.743,stim_maj_3_b,p05,1,0,1,1,0.734,hit,main
22,8.262,783.990872,-35.0,1,9.168,stim_maj_3_b,p05,1,1,1,1,0.9059999999999988,hit,main
52,16.014,261.6255653,1.0,0,0.0,stim_maj_3_b,p05,1,1,0,1,-16.014,corr,main
84,31.003,293.6647679,1.0,1,31.609,stim_maj_3_b,p05,1,0,1,1,0.6060000000000016,hit,main
110,40.501,391.995436,-35.0,1,41.189,stim_maj_3_b,p05,1,1,1,1,0.6880000000000024,hit,main
142,51.001,391.995436,1.0,0,0.0,stim_maj_3_b,p05,1,0,0,1,-51.001,corr,main
154,54.001,391.995436,1.0,0,0.0,stim_maj_3_b,p05,1,0,0,1,-54.001,corr,main
3,3.007,246.9416506280621,1.0,1,4.476,test4,p05,1,1,1,1,1.4689999999999999,hit,training
7,7.0,739.9888454232688,1.0,0,0.0,test4,p05,1,1,0,1,-7.0,corr,training
11,11.012,783.9908719634985,1.0,0,0.0,test4,p05,1,1,0,1,-11.012,corr,training
15,15.0,622.2539674441618,35.0,1,16.043,test4,p05,1,1,1,1,1.0429999999999993,hit,training
25,25.014,391.99543598174927,1.0,1,25.624,test4,p05,1,0,1,1,0.6099999999999994,hit,training
31,31.008,739.9888454232688,35.0,0,0.0,test4,p05,1,1,0,1,-31.008,corr,training
41,41.008,349.2282314330039,1.0,0,0.0,test4,p05,1,0,0,1,-41.008,corr,training
47,47.031,277.1826309768721,1.0,1,47.7,test4,p05,1,1,1,1,0.669000000000004,hit,training
51,51.03,415.3046975799451,35.0,1,51.636,test4,p05,1,1,1,1,0.6060000000000016,hit,training
3,3.014,293.6647679174076,1.0,1,3.514,test5,p05,1,1,1,1,0.5,hit,training
7,7.006,739.9888454232688,35.0,1,7.69,test5,p05,1,1,1,1,0.6840000000000002,hit,training
15,15.001,349.2282314330039,1.0,0,0.0,test5,p05,1,1,0,1,-15.001,corr,training
23,23.012,466.1637615180899,1.0,1,23.589,test5,p05,1,1,1,1,0.5769999999999982,hit,training
30,30.009,293.6647679174076,1.0,1,30.568,test5,p05,1,0,1,1,0.559000000000001,hit,training
35,35.01,783.9908719634985,1.0,0,0.0,test5,p05,1,1,0,1,-35.01,corr,training
41,41.013,261.6255653005986,-35.0,0,0.0,test5,p05,1,0,0,1,-41.013,corr,training
47,47.013,698.4564628660078,35.0,1,47.559,test5,p05,1,1,1,1,0.5459999999999994,hit,training
54,54.013,246.9416506280621,35.0,0,0.0,test5,p05,1,0,0,1,-54.013,corr,training
3,3.016,277.1826309768721,1.0,1,4.452,test3,p05,1,1,1,1,1.436,hit,training
12,12.013,220.0,1.0,1,12.825,test3,p05,1,0,1,1,0.8119999999999994,hit,training
15,15.008,622.2539674441618,-35.0,1,15.926,test3,p05,1,1,1,1,0.918000000000001,hit,training
27,27.009,440.0,1.0,1,28.392,test3,p05,1,1,0,1,1.3829999999999991,fa,training
35,35.01,587.3295358348151,35.0,0,0.0,test3,p05,1,1,0,1,-35.01,corr,training
38,38.013,698.4564628660078,35.0,1,39.446,test3,p05,1,0,0,1,1.4329999999999998,fa,training
47,47.015,523.2511306011972,-35.0,1,48.227,test3,p05,1,1,1,1,1.2119999999999962,hit,training
51,51.001,698.4564628660078,1.0,0,0.0,test3,p05,1,1,1,1,-51.001,miss,training
55,55.001,880.0,1.0,0,0.0,test3,p05,1,1,0,1,-55.001,corr,training
54,18.01,415.3046976,17.5,1,18.631,stim_min_3_a,p13,1,0,1,1,0.6209999999999987,hit,main
72,24.006,391.995436,1.0,1,24.596,stim_min_3_a,p13,1,1,0,1,0.5899999999999999,fa,main
78,28.01,415.3046976,1.0,0,0.0,stim_min_3_a,p13,1,0,0,1,-28.01,corr,main
84,32.012,523.2511306,-17.5,1,32.559,stim_min_3_a,p13,1,1,1,1,0.546999999999997,hit,main
88,34.005,783.990872,1.0,1,34.723,stim_min_3_a,p13,1,0,1,1,0.7179999999999964,hit,main
92,38.008,783.990872,17.5,1,38.992,stim_min_3_a,p13,1,0,1,1,0.9839999999999947,hit,main
104,44.008,466.1637615,-17.5,1,44.52,stim_min_3_a,p13,1,0,1,1,0.5120000000000005,hit,main
111,48.263,195.997718,1.0,1,48.872,stim_min_3_a,p13,1,1,1,1,0.6090000000000018,hit,main
25,12.009,311.1269837,17.5,1,12.787,stim_min_1_b,p13,1,0,1,1,0.7780000000000005,hit,main
36,22.007,349.2282314,-17.5,1,22.805,stim_min_1_b,p13,1,0,1,1,0.7979999999999983,hit,main
38,24.503,391.995436,-17.5,0,0.0,stim_min_1_b,p13,1,1,0,1,-24.503,corr,main
50,32.013,261.6255653,-17.5,0,0.0,stim_min_1_b,p13,1,1,0,1,-32.013,corr,main
56,35.014,261.6255653,1.0,1,35.588,stim_min_1_b,p13,1,0,1,1,0.5739999999999981,hit,main
64,39.01,195.997718,1.0,0,0.0,stim_min_1_b,p13,1,0,0,1,-39.01,corr,main
72,43.001,391.995436,17.5,0,0.0,stim_min_1_b,p13,1,0,0,1,-43.001,corr,main
99,56.008,261.6255653,-17.5,0,0.0,stim_min_1_b,p13,1,1,1,1,-56.008,miss,main
115,60.013,440.0,1.0,1,60.56,stim_min_1_b,p13,1,0,1,1,0.5470000000000041,hit,main
29,8.251,523.2511306,1.0,1,8.835,stim_min_3_b,p13,1,1,1,1,0.5840000000000014,hit,main
44,14.01,698.4564629,1.0,1,14.517,stim_min_3_b,p13,1,0,1,1,0.5069999999999997,hit,main
50,16.004,261.6255653,1.0,0,0.0,stim_min_3_b,p13,1,1,0,1,-16.004,corr,main
54,18.001,415.3046976,-17.5,1,18.963,stim_min_3_b,p13,1,0,0,1,0.9619999999999997,fa,main
66,22.013,391.995436,1.0,1,23.062,stim_min_3_b,p13,1,0,0,1,1.0489999999999995,fa,main
88,34.014,783.990872,1.0,1,34.593,stim_min_3_b,p13,1,0,1,1,0.5790000000000006,hit,main
110,47.014,261.6255653,1.0,1,47.645,stim_min_3_b,p13,1,0,1,1,0.6310000000000002,hit,main
135,56.507,391.995436,17.5,1,57.21,stim_min_3_b,p13,1,1,1,1,0.703000000000003,hit,main
8,3.015,587.3295358,1.0,1,3.952,stim_min_1_a,p13,1,0,1,1,0.9369999999999998,hit,main
25,12.009,311.1269837,-17.5,1,12.522,stim_min_1_a,p13,1,0,1,1,0.5129999999999999,hit,main
32,18.005,391.995436,17.5,1,18.427,stim_min_1_a,p13,1,0,1,1,0.4220000000000006,hit,main
38,24.502,391.995436,1.0,1,24.999,stim_min_1_a,p13,1,1,1,1,0.4969999999999999,hit,main
58,36.015,391.995436,-17.5,1,36.648,stim_min_1_a,p13,1,0,1,1,0.6330000000000027,hit,main
65,40.003,261.6255653,1.0,0,0.0,stim_min_1_a,p13,1,1,0,1,-40.003,corr,main
84,48.003,391.995436,17.5,1,48.406,stim_min_1_a,p13,1,1,1,1,0.4029999999999987,hit,main
90,51.005,311.1269837,17.5,0,0.0,stim_min_1_a,p13,1,0,0,1,-51.005,corr,main
99,56.004,261.6255653,17.5,0,0.0,stim_min_1_a,p13,1,1,0,1,-56.004,corr,main
3,2.012,349.2282314,1.0,1,2.574,stim_maj_2_b,p13,1,0,1,1,0.5619999999999998,hit,main
16,8.503,391.995436,17.5,1,9.596,stim_maj_2_b,p13,1,1,1,1,1.093,hit,main
27,13.012,349.2282314,17.5,0,0.0,stim_maj_2_b,p13,1,0,0,1,-13.012,corr,main
67,32.002,391.995436,1.0,1,32.686,stim_maj_2_b,p13,1,1,1,1,0.6839999999999975,hit,main
91,44.015,391.995436,1.0,1,44.559,stim_maj_2_b,p13,1,0,0,1,0.5439999999999969,fa,main
115,52.014,659.2551138,1.0,1,52.808,stim_maj_2_b,p13,1,0,1,1,0.7939999999999969,hit,main
128,56.002,261.6255653,1.0,0,0.0,stim_maj_2_b,p13,1,1,0,1,-56.002,corr,main
130,58.059,440.0,-17.5,1,58.825,stim_maj_2_b,p13,1,0,1,1,0.7660000000000053,hit,main
132,60.009,293.6647679,1.0,1,60.773,stim_maj_2_b,p13,1,0,1,1,0.7640000000000029,hit,main
3,2.009,349.2282314,1.0,1,2.741,stim_maj_2_a,p13,1,0,1,1,0.7320000000000002,hit,main
16,8.511,391.995436,1.0,0,0.0,stim_maj_2_a,p13,1,1,0,1,-8.511,corr,main
33,16.515,261.6255653,17.5,1,17.075,stim_maj_2_a,p13,1,1,1,0,0.5599999999999987,hit,main
51,22.006,329.6275569,17.5,0,0.0,stim_maj_2_a,p13,1,0,0,1,-22.006,corr,main
55,24.013,523.2511306,1.0,1,24.541,stim_maj_2_a,p13,1,1,1,1,0.5279999999999987,hit,main
59,27.006,523.2511306,-17.5,1,27.638,stim_maj_2_a,p13,1,0,1,1,0.6320000000000014,hit,main
87,42.004,329.6275569,17.5,0,0.0,stim_maj_2_a,p13,1,0,0,1,-42.004,corr,main
126,55.014,659.2551138,-17.5,1,56.225,stim_maj_2_a,p13,1,0,0,1,1.2109999999999985,fa,main
132,60.008,293.6647679,17.5,0,0.0,stim_maj_2_a,p13,1,0,1,1,-60.008,miss,main
20,7.005,261.6255653,1.0,1,7.521,stim_min_2_b,p13,1,0,1,1,0.516,hit,main
29,12.007,246.9416506,17.5,1,12.679,stim_min_2_b,p13,1,0,1,1,0.6720000000000006,hit,main
55,20.005,698.4564629,-17.5,1,20.637,stim_min_2_b,p13,1,0,1,1,0.6320000000000014,hit,main
89,37.013,293.6647679,17.5,0,0.0,stim_min_2_b,p13,1,0,0,1,-37.013,corr,main
94,40.507,261.6255653,1.0,1,41.285,stim_min_2_b,p13,1,1,1,1,0.7779999999999987,hit,main
106,48.014,391.995436,-17.5,1,48.607,stim_min_2_b,p13,1,1,1,1,0.5929999999999964,hit,main
113,52.009,391.995436,-17.5,0,0.0,stim_min_2_b,p13,1,0,0,1,-52.009,corr,main
118,56.511,391.995436,-17.5,0,0.0,stim_min_2_b,p13,1,1,0,1,-56.511,corr,main
123,61.008,261.6255653,1.0,1,61.779,stim_min_2_b,p13,1,0,1,1,0.7710000000000008,hit,main
12,5.004,523.2511306,1.0,1,5.613,stim_min_2_a,p13,1,0,1,1,0.6090000000000009,hit,main
21,8.515,391.995436,1.0,0,0.0,stim_min_2_a,p13,1,1,0,1,-8.515,corr,main
33,13.002,349.2282314,17.5,1,13.517,stim_min_2_a,p13,1,0,0,1,0.5149999999999988,fa,main
41,15.006,311.1269837,1.0,1,15.958,stim_min_2_a,p13,1,0,1,1,0.952,hit,main
48,18.009,830.6093952,-17.5,1,19.129,stim_min_2_a,p13,1,0,1,1,1.120000000000001,hit,main
106,48.016,391.995436,-17.5,1,48.615,stim_min_2_a,p13,1,1,1,1,0.5990000000000038,hit,main
117,55.014,261.6255653,-17.5,0,0.0,stim_min_2_a,p13,1,0,0,1,-55.014,corr,main
123,61.01,261.6255653,17.5,1,61.584,stim_min_2_a,p13,1,0,1,1,0.5740000000000052,hit,main
125,62.006,311.1269837,17.5,1,62.873,stim_min_2_a,p13,1,0,0,1,0.8669999999999973,fa,main
18,8.516,391.995436,-17.5,0,0.0,stim_maj_1_b,p13,1,1,0,1,-8.516,corr,main
35,16.005,261.6255653,17.5,1,16.689,stim_maj_1_b,p13,1,1,1,1,0.684000000000001,hit,main
51,21.015,261.6255653,1.0,1,21.591,stim_maj_1_b,p13,1,0,1,1,0.5760000000000005,hit,main
58,24.01,391.995436,1.0,0,0.0,stim_maj_1_b,p13,1,1,0,1,-24.01,corr,main
91,38.002,293.6647679,1.0,1,38.67,stim_maj_1_b,p13,1,1,1,1,0.6679999999999993,hit,main
129,54.013,261.6255653,-17.5,1,54.622,stim_maj_1_b,p13,1,0,1,1,0.6090000000000018,hit,main
136,61.007,391.995436,1.0,1,61.57,stim_maj_1_b,p13,1,0,1,1,0.5630000000000024,hit,main
138,62.007,329.6275569,17.5,0,0.0,stim_maj_1_b,p13,1,0,1,1,-62.007,miss,main
7,2.005,391.995436,1.0,0,0.0,stim_maj_3_a,p13,1,0,0,1,-2.005,corr,main
19,6.008,587.3295358,17.5,1,6.517,stim_maj_3_a,p13,1,0,1,1,0.5090000000000003,hit,main
29,10.016,698.4564629,1.0,1,10.589,stim_maj_3_a,p13,1,0,1,1,0.5730000000000004,hit,main
52,16.008,261.6255653,-17.5,1,16.591,stim_maj_3_a,p13,1,1,0,1,0.583000000000002,fa,main
56,20.008,349.2282314,1.0,0,0.0,stim_maj_3_a,p13,1,0,0,1,-20.008,corr,main
64,24.51,391.995436,17.5,1,25.037,stim_maj_3_a,p13,1,1,1,1,0.5269999999999975,hit,main
110,40.51,391.995436,-17.5,1,41.053,stim_maj_3_a,p13,1,1,1,1,0.5429999999999993,hit,main
118,44.006,261.6255653,1.0,1,44.633,stim_maj_3_a,p13,1,0,1,1,0.6270000000000024,hit,main
170,61.005,349.2282314,17.5,0,0.0,stim_maj_3_a,p13,1,0,0,1,-61.005,corr,main
3,2.009,349.2282314,-17.5,1,3.021,stim_maj_1_a,p13,1,0,0,1,1.012,fa,main
17,7.011,261.6255653,17.5,1,7.69,stim_maj_1_a,p13,1,0,1,1,0.6790000000000003,hit,main
28,12.001,349.2282314,17.5,0,0.0,stim_maj_1_a,p13,1,0,0,1,-12.001,corr,main
35,16.008,261.6255653,1.0,1,16.655,stim_maj_1_a,p13,1,1,1,1,0.647000000000002,hit,main
91,38.009,293.6647679,-17.5,1,38.727,stim_maj_1_a,p13,1,1,1,1,0.7179999999999964,hit,main
121,51.002,261.6255653,-17.5,1,51.564,stim_maj_1_a,p13,1,0,1,1,0.5619999999999976,hit,main
130,56.508,523.2511306,1.0,1,57.32,stim_maj_1_a,p13,1,1,1,1,0.8119999999999976,hit,main
45,14.003,659.2551138,1.0,1,14.779,stim_maj_3_b,p13,1,0,1,1,0.7759999999999998,hit,main
52,16.005,261.6255653,1.0,0,0.0,stim_maj_3_b,p13,1,1,0,1,-16.005,corr,main
54,18.008,329.6275569,-17.5,0,0.0,stim_maj_3_b,p13,1,0,1,1,-18.008,miss,main
86,32.014,523.2511306,1.0,1,32.499,stim_maj_3_b,p13,1,1,1,1,0.48499999999999943,hit,main
92,34.001,523.2511306,1.0,0,0.0,stim_maj_3_b,p13,1,0,0,1,-34.001,corr,main
104,38.0,659.2551138,17.5,0,0.0,stim_maj_3_b,p13,1,0,0,1,-38.0,corr,main
129,47.002,261.6255653,1.0,0,0.0,stim_maj_3_b,p13,1,0,1,1,-47.002,miss,main
142,51.015,391.995436,-17.5,1,51.541,stim_maj_3_b,p13,1,0,1,1,0.5259999999999962,hit,main
170,61.014,349.2282314,17.5,0,0.0,stim_maj_3_b,p13,1,0,0,1,-61.014,corr,main
3,3.007,415.3046976,1.0,1,3.932,test5,p13,1,1,1,1,0.9249999999999998,hit,training
7,7.001,739.9888454,1.0,1,7.703,test5,p13,1,1,0,1,0.702,fa,training
12,12.0,622.2539674,17.5,1,12.768,test5,p13,1,0,0,1,0.7680000000000007,fa,training
15,15.015,554.365262,1.0,1,15.911,test5,p13,1,1,1,1,0.895999999999999,hit,training
19,19.012,587.3295358,-17.5,0,0.0,test5,p13,1,1,1,1,-19.012,miss,training
23,23.004,246.9416506,1.0,0,0.0,test5,p13,1,1,1,1,-23.004,miss,training
27,27.005,440.0,1.0,0,0.0,test5,p13,1,1,0,1,-27.005,corr,training
41,41.006,391.995436,1.0,1,41.692,test5,p13,1,0,1,1,0.6859999999999999,hit,training
51,51.009,466.1637615,-17.5,0,0.0,test5,p13,1,1,0,1,-51.009,corr,training
3,3.001,277.182631,1.0,1,3.797,test4,p13,1,1,1,1,0.7960000000000003,hit,training
7,7.008,369.9944227,17.5,1,7.804,test4,p13,1,1,1,1,0.7960000000000003,hit,training
15,15.01,369.9944227,1.0,0,0.0,test4,p13,1,1,0,1,-15.01,corr,training
20,20.012,261.6255653,1.0,1,20.733,test4,p13,1,0,0,1,0.7210000000000001,fa,training
23,23.015,220.0,-17.5,1,23.701,test4,p13,1,1,1,1,0.6859999999999999,hit,training
30,30.009,415.3046976,17.5,1,30.709,test4,p13,1,0,1,1,0.6999999999999993,hit,training
35,35.01,493.8833013,1.0,1,35.853,test4,p13,1,1,1,1,0.8430000000000035,hit,training
43,43.008,440.0,-17.5,0,0.0,test4,p13,1,1,0,1,-43.008,corr,training
51,51.011,293.6647679,17.5,1,51.812,test4,p13,1,1,0,1,0.8009999999999948,fa,training
3,3.005,261.6255653,1.0,1,3.901,test3,p13,1,1,1,1,0.8959999999999999,hit,training
11,11.013,311.1269837,17.5,1,12.026,test3,p13,1,1,1,1,1.013,hit,training
23,23.006,739.9888454,1.0,0,0.0,test3,p13,1,1,0,1,-23.006,corr,training
27,27.015,391.995436,1.0,0,0.0,test3,p13,1,1,0,1,-27.015,corr,training
35,35.014,523.2511306,1.0,1,35.422,test3,p13,1,1,1,1,0.40799999999999415,hit,training
38,38.013,523.2511306,17.5,1,38.888,test3,p13,1,0,1,1,0.875,hit,training
41,41.001,783.990872,1.0,1,41.609,test3,p13,1,0,1,1,0.6080000000000041,hit,training
47,47.014,523.2511306,1.0,1,47.579,test3,p13,1,1,1,1,0.5649999999999977,hit,training
3,3.012,587.3295358,1.0,1,3.795,test2,p13,1,1,1,1,0.7829999999999999,hit,training
6,6.006,554.365262,17.5,1,7.018,test2,p13,1,0,1,1,1.0119999999999996,hit,training
15,15.001,349.2282314,1.0,0,0.0,test2,p13,1,1,0,1,-15.001,corr,training
22,22.004,880.0,-17.5,1,22.72,test2,p13,1,0,1,1,0.7159999999999975,hit,training
27,27.004,466.1637615,1.0,1,27.692,test2,p13,1,1,1,1,0.6879999999999988,hit,training
31,31.013,493.8833013,1.0,0,0.0,test2,p13,1,1,0,1,-31.013,corr,training
39,39.038,329.6275569,1.0,1,40.022,test2,p13,1,1,1,1,0.9840000000000018,hit,training
43,43.011,698.4564629,1.0,0,0.0,test2,p13,1,1,0,1,-43.011,corr,training
51,51.001,554.365262,1.0,1,51.638,test2,p13,1,1,1,1,0.6370000000000005,hit,training
1,1.003,622.2539674,-17.5,0,0.0,test1,p13,1,0,0,1,-1.003,corr,training
7,7.012,523.2511306,17.5,0,0.0,test1,p13,1,1,1,1,-7.012,miss,training
14,14.003,349.2282314,1.0,1,14.677,test1,p13,1,0,1,1,0.6739999999999995,hit,training
23,23.012,830.6093952,1.0,0,0.0,test1,p13,1,1,1,1,-23.012,miss,training
27,27.001,554.365262,1.0,0,0.0,test1,p13,1,1,0,1,-27.001,corr,training
31,31.009,523.2511306,17.5,0,0.0,test1,p13,1,1,0,1,-31.009,corr,training
39,39.014,698.4564629,1.0,0,0.0,test1,p13,1,1,0,1,-39.014,corr,training
43,43.014,329.6275569,-17.5,1,43.575,test1,p13,1,1,1,1,0.5609999999999999,hit,training
51,51.0,277.182631,17.5,1,51.747,test1,p13,1,1,1,1,0.7469999999999999,hit,training
2,1.015,523.2511306,1.0,1,1.607,stim_min_3_b,p12,1,0,1,1,0.5920000000000001,hit,main
50,16.005,261.6255653,17.5,0,0.0,stim_min_3_b,p12,1,1,0,1,-16.005,corr,main
72,24.007,391.995436,17.5,0,0.0,stim_min_3_b,p12,1,1,0,1,-24.007,corr,main
83,31.006,261.6255653,1.0,1,31.612,stim_min_3_b,p12,1,0,1,1,0.6059999999999981,hit,main
100,42.001,415.3046976,1.0,0,0.0,stim_min_3_b,p12,1,0,0,1,-42.001,corr,main
111,48.261,195.997718,1.0,1,49.023,stim_min_3_b,p12,1,1,1,1,0.7620000000000005,hit,main
126,53.009,293.6647679,-17.5,1,53.91,stim_min_3_b,p12,1,0,1,1,0.9009999999999962,hit,main
134,55.0,261.6255653,1.0,0,0.0,stim_min_3_b,p12,1,0,1,1,-55.0,miss,main
143,60.008,311.1269837,17.5,1,60.696,stim_min_3_b,p12,1,0,1,1,0.6879999999999953,hit,main
5,2.011,523.2511306,1.0,1,2.574,stim_min_1_a,p12,1,0,1,1,0.5629999999999997,hit,main
16,6.015,415.3046976,1.0,0,0.0,stim_min_1_a,p12,1,0,0,1,-6.015,corr,main
30,16.014,391.995436,17.5,1,16.546,stim_min_1_a,p12,1,1,1,1,0.532,hit,main
36,22.004,349.2282314,1.0,1,22.759,stim_min_1_a,p12,1,0,1,1,0.754999999999999,hit,main
48,30.007,311.1269837,1.0,0,0.0,stim_min_1_a,p12,1,0,1,1,-30.007,miss,main
50,32.0,261.6255653,17.5,1,32.781,stim_min_1_a,p12,1,1,1,1,0.7809999999999988,hit,main
62,38.008,293.6647679,1.0,1,38.535,stim_min_1_a,p12,1,0,1,1,0.5269999999999939,hit,main
65,40.003,261.6255653,1.0,0,0.0,stim_min_1_a,p12,1,1,0,1,-40.003,corr,main
99,56.001,261.6255653,-17.5,0,0.0,stim_min_1_a,p12,1,1,0,1,-56.001,corr,main
29,8.254,523.2511306,1.0,0,0.0,stim_min_3_a,p12,1,1,0,1,-8.254,corr,main
50,16.011,261.6255653,17.5,0,0.0,stim_min_3_a,p12,1,1,0,1,-16.011,corr,main
66,22.01,391.995436,1.0,1,22.649,stim_min_3_a,p12,1,0,1,1,0.6389999999999993,hit,main
77,27.016,391.995436,-17.5,1,27.581,stim_min_3_a,p12,1,0,1,1,0.5650000000000013,hit,main
111,48.264,195.997718,1.0,0,0.0,stim_min_3_a,p12,1,1,0,1,-48.264,corr,main
134,55.012,261.6255653,-17.5,1,55.681,stim_min_3_a,p12,1,0,1,1,0.6689999999999969,hit,main
141,59.006,293.6647679,1.0,1,59.696,stim_min_3_a,p12,1,0,1,1,0.6899999999999977,hit,main
143,60.005,311.1269837,17.5,0,0.0,stim_min_3_a,p12,1,0,1,1,-60.005,miss,main
146,61.008,261.6255653,17.5,0,0.0,stim_min_3_a,p12,1,0,0,1,-61.008,corr,main
5,2.012,523.2511306,1.0,1,2.657,stim_min_1_b,p12,1,0,1,1,0.645,hit,main
25,12.013,311.1269837,17.5,0,0.0,stim_min_1_b,p12,1,0,0,1,-12.013,corr,main
37,23.009,311.1269837,-17.5,1,23.897,stim_min_1_b,p12,1,0,1,1,0.8879999999999981,hit,main
45,29.004,349.2282314,1.0,1,29.709,stim_min_1_b,p12,1,0,1,1,0.7049999999999983,hit,main
50,32.007,261.6255653,17.5,1,32.832,stim_min_1_b,p12,1,1,1,1,0.8250000000000028,hit,main
56,35.012,261.6255653,1.0,0,0.0,stim_min_1_b,p12,1,0,1,1,-35.012,miss,main
65,40.001,261.6255653,1.0,0,0.0,stim_min_1_b,p12,1,1,0,1,-40.001,corr,main
84,48.014,391.995436,-17.5,1,48.652,stim_min_1_b,p12,1,1,1,1,0.6379999999999981,hit,main
99,56.008,261.6255653,-17.5,0,0.0,stim_min_1_b,p12,1,1,0,1,-56.008,corr,main
16,8.513,391.995436,-17.5,0,0.0,stim_maj_2_a,p12,1,1,0,1,-8.513,corr,main
24,12.003,261.6255653,-17.5,0,0.0,stim_maj_2_a,p12,1,0,0,1,-12.003,corr,main
35,17.01,329.6275569,1.0,0,0.0,stim_maj_2_a,p12,1,0,0,1,-17.01,corr,main
55,24.011,523.2511306,1.0,1,24.696,stim_maj_2_a,p12,1,1,1,1,0.6850000000000023,hit,main
66,31.013,523.2511306,-17.5,1,31.619,stim_maj_2_a,p12,1,0,1,1,0.6059999999999981,hit,main
72,34.002,349.2282314,1.0,1,34.953,stim_maj_2_a,p12,1,0,1,1,0.9510000000000005,hit,main
79,37.01,329.6275569,17.5,1,37.587,stim_maj_2_a,p12,1,0,1,1,0.5770000000000053,hit,main
83,40.014,261.6255653,17.5,0,0.0,stim_maj_2_a,p12,1,1,0,1,-40.014,corr,main
93,45.015,329.6275569,1.0,0,0.0,stim_maj_2_a,p12,1,0,0,1,-45.015,corr,main
16,8.514,391.995436,17.5,1,9.295,stim_maj_2_b,p12,1,1,1,1,0.7810000000000006,hit,main
24,12.015,261.6255653,1.0,1,12.534,stim_maj_2_b,p12,1,0,1,1,0.5190000000000001,hit,main
33,16.508,261.6255653,1.0,0,0.0,stim_maj_2_b,p12,1,1,0,0,-16.508,corr,main
47,21.005,391.995436,-17.5,1,21.721,stim_maj_2_b,p12,1,0,1,1,0.7160000000000011,hit,main
57,25.002,659.2551138,-17.5,0,0.0,stim_maj_2_b,p12,1,0,0,1,-25.002,corr,main
126,55.011,659.2551138,-17.5,1,55.739,stim_maj_2_b,p12,1,0,1,1,0.7279999999999944,hit,main
130,58.014,440.0,-17.5,0,0.0,stim_maj_2_b,p12,1,0,0,1,-58.014,corr,main
131,59.022,349.2282314,1.0,0,0.0,stim_maj_2_b,p12,1,0,1,1,-59.022,miss,main
132,60.014,293.6647679,17.5,0,0.0,stim_maj_2_b,p12,1,0,1,1,-60.014,miss,main
42,16.007,523.2511306,1.0,0,0.0,stim_min_2_a,p12,1,1,0,1,-16.007,corr,main
52,19.013,659.2551138,17.5,1,19.607,stim_min_2_a,p12,1,0,1,1,0.5939999999999976,hit,main
64,24.509,261.6255653,1.0,0,0.0,stim_min_2_a,p12,1,1,0,1,-24.509,corr,main
69,27.016,293.6647679,-17.5,1,27.685,stim_min_2_a,p12,1,0,1,1,0.6690000000000005,hit,main
76,29.003,261.6255653,-17.5,0,0.0,stim_min_2_a,p12,1,0,0,1,-29.003,corr,main
94,40.51,261.6255653,1.0,0,0.0,stim_min_2_a,p12,1,1,0,1,-40.51,corr,main
105,47.006,391.995436,17.5,0,0.0,stim_min_2_a,p12,1,0,0,1,-47.006,corr,main
109,50.011,466.1637615,-17.5,1,50.605,stim_min_2_a,p12,1,0,1,1,0.5939999999999941,hit,main
115,54.015,311.1269837,-17.5,0,0.0,stim_min_2_a,p12,1,0,0,1,-54.015,corr,main
3,3.001,246.9416506280621,1.0,1,3.517,test1,p12,1,1,1,1,0.516,hit,training
7,7.003,523.2511306011972,17.5,1,7.659,test1,p12,1,1,1,1,0.6559999999999997,hit,training
11,11.01,523.2511306011972,17.5,0,0.0,test1,p12,1,1,0,1,-11.01,corr,training
17,17.015,349.2282314330039,17.5,0,0.0,test1,p12,1,0,0,1,-17.015,corr,training
23,23.009,830.6093951598903,1.0,0,0.0,test1,p12,1,1,0,1,-23.009,corr,training
31,31.004,523.2511306011972,-17.5,1,31.767,test1,p12,1,1,1,1,0.7629999999999981,hit,training
43,43.015,329.6275569128699,17.5,0,0.0,test1,p12,1,1,0,1,-43.015,corr,training
46,46.006,233.08188075904496,1.0,0,0.0,test1,p12,1,0,0,1,-46.006,corr,training
54,54.002,415.3046975799451,17.5,1,54.502,test1,p12,1,0,1,1,0.5,hit,training
7,3.015,523.2511306,1.0,0,0.0,stim_min_2_b,p12,1,0,0,1,-3.015,corr,main
21,8.514,391.995436,1.0,0,0.0,stim_min_2_b,p12,1,1,0,1,-8.514,corr,main
33,13.011,349.2282314,17.5,0,0.0,stim_min_2_b,p12,1,0,0,1,-13.011,corr,main
76,29.001,261.6255653,-17.5,1,29.766,stim_min_2_b,p12,1,0,1,1,0.764999999999997,hit,main
83,32.003,261.6255653,1.0,0,0.0,stim_min_2_b,p12,1,1,1,1,-32.003,miss,main
91,38.009,246.9416506,17.5,1,38.619,stim_min_2_b,p12,1,0,1,1,0.6099999999999994,hit,main
102,45.008,391.995436,-17.5,1,45.836,stim_min_2_b,p12,1,0,1,1,0.8279999999999959,hit,main
106,48.006,391.995436,1.0,1,48.58,stim_min_2_b,p12,1,1,1,1,0.5739999999999981,hit,main
118,56.514,391.995436,1.0,0,0.0,stim_min_2_b,p12,1,1,0,1,-56.514,corr,main
3,3.006,587.3295358348151,1.0,0,0.0,test2,p12,1,1,1,1,-3.006,miss,training
9,9.004,311.1269837220809,17.5,1,9.757,test2,p12,1,0,1,1,0.7530000000000001,hit,training
15,15.008,349.2282314330039,1.0,1,15.675,test2,p12,1,1,1,1,0.6670000000000016,hit,training
23,23.005,329.6275569128699,1.0,1,23.688,test2,p12,1,1,1,1,0.6829999999999998,hit,training
31,31.009,493.8833012561241,17.5,0,0.0,test2,p12,1,1,0,1,-31.009,corr,training
39,39.014,329.6275569128699,1.0,1,39.764,test2,p12,1,1,1,1,0.75,hit,training
43,43.008,698.4564628660078,1.0,0,0.0,test2,p12,1,1,0,1,-43.008,corr,training
47,47.008,233.08188075904496,1.0,0,0.0,test2,p12,1,1,0,1,-47.008,corr,training
52,52.005,261.6255653005986,1.0,1,53.098,test2,p12,1,0,1,1,1.0929999999999964,hit,training
54,54.002,466.1637615180899,17.5,1,54.826,test2,p12,1,0,1,1,0.8239999999999981,hit,training
11,11.008,311.1269837220809,17.5,0,0.0,test3,p12,1,1,0,1,-11.008,corr,training
15,15.007,293.6647679174076,1.0,0,0.0,test3,p12,1,1,0,1,-15.007,corr,training
19,19.009,880.0,-17.5,1,19.587,test3,p12,1,1,1,1,0.5779999999999994,hit,training
22,22.007,523.2511306011972,1.0,1,22.836,test3,p12,1,0,1,1,0.8289999999999971,hit,training
35,35.003,523.2511306011972,-17.5,1,35.581,test3,p12,1,1,1,1,0.578000000000003,hit,training
43,43.003,659.2551138257398,1.0,1,43.659,test3,p12,1,1,1,1,0.6559999999999988,hit,training
47,47.015,523.2511306011972,1.0,0,0.0,test3,p12,1,1,0,1,-47.015,corr,training
51,51.014,311.1269837220809,1.0,0,0.0,test3,p12,1,1,0,1,-51.014,corr,training
54,54.015,261.6255653005986,17.5,1,54.652,test3,p12,1,0,1,1,0.6370000000000005,hit,training
6,3.003,329.6275569,1.0,1,3.765,stim_maj_1_a,p12,1,0,1,1,0.762,hit,main
18,8.515,391.995436,1.0,0,0.0,stim_maj_1_a,p12,1,1,0,1,-8.515,corr,main
28,12.013,349.2282314,17.5,0,0.0,stim_maj_1_a,p12,1,0,1,1,-12.013,miss,main
45,18.0,391.995436,-17.5,1,18.531,stim_maj_1_a,p12,1,0,1,1,0.5309999999999988,hit,main
58,24.013,391.995436,17.5,1,24.591,stim_maj_1_a,p12,1,1,1,1,0.5779999999999994,hit,main
95,40.007,261.6255653,-17.5,0,0.0,stim_maj_1_a,p12,1,1,0,1,-40.007,corr,main
115,48.009,246.9416506,1.0,0,0.0,stim_maj_1_a,p12,1,1,0,1,-48.009,corr,main
130,56.504,523.2511306,17.5,1,57.028,stim_maj_1_a,p12,1,1,1,1,0.5240000000000009,hit,main
52,16.012,261.6255653,17.5,1,16.778,stim_maj_3_b,p12,1,1,1,1,0.7659999999999982,hit,main
64,24.516,391.995436,17.5,0,0.0,stim_maj_3_b,p12,1,1,0,1,-24.516,corr,main
78,29.001,391.995436,1.0,0,0.0,stim_maj_3_b,p12,1,0,0,1,-29.001,corr,main
84,31.001,293.6647679,1.0,0,0.0,stim_maj_3_b,p12,1,0,0,1,-31.001,corr,main
93,35.009,523.2511306,-17.5,0,0.0,stim_maj_3_b,p12,1,0,0,1,-35.009,corr,main
146,52.001,659.2551138,1.0,1,52.592,stim_maj_3_b,p12,1,0,1,1,0.5910000000000011,hit,main
154,54.007,391.995436,-17.5,1,54.866,stim_maj_3_b,p12,1,0,1,1,0.8590000000000018,hit,main
159,56.514,261.6255653,-17.5,0,0.0,stim_maj_3_b,p12,1,1,0,1,-56.514,corr,main
168,60.015,440.0,17.5,1,60.918,stim_maj_3_b,p12,1,0,1,1,0.9029999999999987,hit,main
3,3.012,277.1826309768721,1.0,1,3.733,test4,p12,1,1,1,1,0.7210000000000001,hit,training
7,7.011,369.9944227116344,1.0,0,0.0,test4,p12,1,1,0,1,-7.011,corr,training
11,11.014,369.9944227116344,17.5,0,0.0,test4,p12,1,1,0,1,-11.014,corr,training
14,14.015,349.2282314330039,17.5,0,0.0,test4,p12,1,0,0,1,-14.015,corr,training
25,25.008,587.3295358348151,1.0,1,25.678,test4,p12,1,0,1,1,0.6700000000000017,hit,training
31,31.003,830.6093951598903,17.5,1,31.734,test4,p12,1,1,1,1,0.7310000000000016,hit,training
35,35.004,493.8833012561241,1.0,1,35.777,test4,p12,1,1,1,1,0.7730000000000032,hit,training
41,41.01,440.0,-17.5,0,0.0,test4,p12,1,0,0,1,-41.01,corr,training
51,51.008,293.6647679174076,-17.5,0,0.0,test4,p12,1,1,0,1,-51.008,corr,training
55,55.014,698.4564628660078,17.5,1,55.795,test4,p12,1,1,1,0,0.7809999999999988,hit,training
18,8.509,391.995436,1.0,1,9.071,stim_maj_1_b,p12,1,1,1,1,0.5619999999999994,hit,main
35,16.001,261.6255653,17.5,1,16.697,stim_maj_1_b,p12,1,1,1,1,0.695999999999998,hit,main
81,33.01,523.2511306,-17.5,0,0.0,stim_maj_1_b,p12,1,0,1,1,-33.01,miss,main
95,40.01,261.6255653,1.0,0,0.0,stim_maj_1_b,p12,1,1,0,1,-40.01,corr,main
115,48.01,246.9416506,17.5,0,0.0,stim_maj_1_b,p12,1,1,0,1,-48.01,corr,main
121,51.018,261.6255653,1.0,0,0.0,stim_maj_1_b,p12,1,0,0,1,-51.018,corr,main
130,56.513,523.2511306,-17.5,0,0.0,stim_maj_1_b,p12,1,1,0,1,-56.513,corr,main
138,62.005,329.6275569,17.5,1,62.752,stim_maj_1_b,p12,1,0,1,1,0.7469999999999999,hit,main
21,7.002,391.995436,-17.5,0,0.0,stim_maj_3_a,p12,1,0,0,1,-7.002,corr,main
52,16.01,261.6255653,1.0,1,16.694,stim_maj_3_a,p12,1,1,1,1,0.6839999999999975,hit,main
63,23.001,261.6255653,-17.5,1,24.104,stim_maj_3_a,p12,1,0,1,1,1.102999999999998,hit,main
80,30.013,329.6275569,1.0,1,30.683,stim_maj_3_a,p12,1,0,1,1,0.6699999999999982,hit,main
86,32.007,523.2511306,17.5,0,0.0,stim_maj_3_a,p12,1,1,1,1,-32.007,miss,main
93,35.012,523.2511306,1.0,1,35.711,stim_maj_3_a,p12,1,0,1,1,0.6989999999999981,hit,main
108,39.009,493.8833013,-17.5,1,39.744,stim_maj_3_a,p12,1,0,1,1,0.7349999999999994,hit,main
129,47.007,261.6255653,1.0,0,0.0,stim_maj_3_a,p12,1,0,0,1,-47.007,corr,main
142,51.001,391.995436,1.0,0,0.0,stim_maj_3_a,p12,1,0,0,1,-51.001,corr,main
3,3.005,415.3046975799451,-17.5,1,3.644,test5,p12,1,1,0,1,0.6390000000000002,fa,training
6,6.014,277.1826309768721,1.0,1,6.498,test5,p12,1,0,1,1,0.484,hit,training
11,11.015,739.9888454232688,1.0,0,0.0,test5,p12,1,1,0,1,-11.015,corr,training
15,15.009,554.3652619537442,17.5,1,15.688,test5,p12,1,1,1,1,0.6790000000000003,hit,training
27,27.016,440.0,-17.5,1,27.915,test5,p12,1,1,1,1,0.8990000000000009,hit,training
31,31.015,277.1826309768721,-17.5,0,0.0,test5,p12,1,1,0,1,-31.015,corr,training
39,39.01,311.1269837220809,1.0,1,39.609,test5,p12,1,1,1,1,0.5990000000000038,hit,training
44,44.002,493.8833012561241,17.5,0,0.0,test5,p12,1,0,0,1,-44.002,corr,training
51,51.009,466.1637615180899,-17.5,1,51.729,test5,p12,1,1,1,1,0.7199999999999989,hit,training
54,54.001,493.8833012561241,17.5,1,54.603,test5,p12,1,0,1,1,0.6020000000000039,hit,training
2,1.015,261.6255653,1.0,1,2.231,stim_min_2_a,p08,1,0,1,1,1.216,hit,main
12,5.001,523.2511306,17.5,1,5.752,stim_min_2_a,p08,1,0,1,1,0.7509999999999994,hit,main
33,13.015,349.2282314,17.5,0,0.0,stim_min_2_a,p08,1,0,0,1,-13.015,corr,main
42,16.015,523.2511306,1.0,1,16.887,stim_min_2_a,p08,1,1,1,1,0.8719999999999999,hit,main
48,18.013,830.6093952,1.0,0,0.0,stim_min_2_a,p08,1,0,0,1,-18.013,corr,main
55,20.008,698.4564629,-17.5,1,20.923,stim_min_2_a,p08,1,0,1,1,0.9149999999999991,hit,main
64,24.515,261.6255653,17.5,1,25.653,stim_min_2_a,p08,1,1,1,1,1.1379999999999981,hit,main
94,40.508,261.6255653,17.5,0,0.0,stim_min_2_a,p08,1,1,0,1,-40.508,corr,main
105,47.014,391.995436,1.0,1,47.729,stim_min_2_a,p08,1,0,1,1,0.7149999999999963,hit,main
21,8.5,391.995436,-17.5,0,0.0,stim_min_2_b,p08,1,1,0,1,-8.5,corr,main
33,13.005,349.2282314,1.0,1,13.692,stim_min_2_b,p08,1,0,1,1,0.6869999999999994,hit,main
42,16.001,523.2511306,17.5,1,16.648,stim_min_2_b,p08,1,1,1,1,0.6469999999999985,hit,main
55,20.015,698.4564629,1.0,0,0.0,stim_min_2_b,p08,1,0,1,1,-20.015,miss,main
73,28.013,311.1269837,-17.5,1,28.588,stim_min_2_b,p08,1,0,1,1,0.5749999999999993,hit,main
109,50.014,466.1637615,-17.5,0,0.0,stim_min_2_b,p08,1,0,0,1,-50.014,corr,main
118,56.512,391.995436,1.0,1,57.399,stim_min_2_b,p08,1,1,1,1,0.8870000000000005,hit,main
32,14.015,293.6647679,1.0,1,14.778,stim_maj_1_a,p08,1,0,1,1,0.7629999999999999,hit,main
58,24.014,391.995436,17.5,1,24.81,stim_maj_1_a,p08,1,1,1,1,0.7959999999999994,hit,main
66,26.01,440.0,17.5,0,0.0,stim_maj_1_a,p08,1,0,0,1,-26.01,corr,main
77,31.004,493.8833013,1.0,0,0.0,stim_maj_1_a,p08,1,0,0,1,-31.004,corr,main
91,38.007,293.6647679,-17.5,0,0.0,stim_maj_1_a,p08,1,1,0,1,-38.007,corr,main
95,40.012,261.6255653,1.0,1,40.748,stim_maj_1_a,p08,1,1,1,1,0.7359999999999971,hit,main
126,53.013,293.6647679,-17.5,1,53.851,stim_maj_1_a,p08,1,0,1,1,0.838000000000001,hit,main
130,56.512,523.2511306,1.0,0,0.0,stim_maj_1_a,p08,1,1,1,1,-56.512,miss,main
3,1.014,349.2282314,1.0,0,0.0,stim_maj_3_b,p08,1,0,1,1,-1.014,miss,main
19,6.011,587.3295358,17.5,1,6.527,stim_maj_3_b,p08,1,0,1,1,0.516,hit,main
29,10.012,698.4564629,17.5,0,0.0,stim_maj_3_b,p08,1,0,0,1,-10.012,corr,main
37,12.0,659.2551138,17.5,0,0.0,stim_maj_3_b,p08,1,0,0,1,-12.0,corr,main
45,14.014,659.2551138,1.0,1,14.578,stim_maj_3_b,p08,1,0,1,1,0.5640000000000001,hit,main
52,16.012,261.6255653,-17.5,1,16.755,stim_maj_3_b,p08,1,1,1,1,0.7429999999999986,hit,main
86,32.014,523.2511306,17.5,1,32.357,stim_maj_3_b,p08,1,1,1,1,0.3429999999999964,hit,main
130,48.009,523.2511306,-17.5,0,0.0,stim_maj_3_b,p08,1,1,0,1,-48.009,corr,main
146,52.012,659.2551138,1.0,0,0.0,stim_maj_3_b,p08,1,0,0,1,-52.012,corr,main
1,1.002,293.6647679,1.0,0,0.0,stim_maj_1_b,p08,1,0,1,1,-1.002,miss,main
28,12.014,349.2282314,1.0,1,12.975,stim_maj_1_b,p08,1,0,1,1,0.9610000000000003,hit,main
34,15.01,523.2511306,1.0,0,0.0,stim_maj_1_b,p08,1,0,0,1,-15.01,corr,main
47,19.006,329.6275569,1.0,0,0.0,stim_maj_1_b,p08,1,0,0,1,-19.006,corr,main
53,22.01,261.6255653,-17.5,1,22.557,stim_maj_1_b,p08,1,0,1,1,0.546999999999997,hit,main
95,40.006,261.6255653,-17.5,1,40.553,stim_maj_1_b,p08,1,1,1,1,0.546999999999997,hit,main
115,48.007,246.9416506,1.0,1,48.707,stim_maj_1_b,p08,1,1,1,1,0.7000000000000028,hit,main
130,56.509,523.2511306,17.5,1,57.131,stim_maj_1_b,p08,1,1,1,1,0.6219999999999999,hit,main
22,8.263,783.990872,17.5,1,8.903,stim_maj_3_a,p08,1,1,1,1,0.6400000000000006,hit,main
45,14.015,659.2551138,1.0,0,0.0,stim_maj_3_a,p08,1,0,1,1,-14.015,miss,main
52,16.009,261.6255653,-17.5,1,16.708,stim_maj_3_a,p08,1,1,1,1,0.6989999999999981,hit,main
71,27.015,391.995436,1.0,1,27.722,stim_maj_3_a,p08,1,0,1,1,0.7070000000000007,hit,main
86,32.01,523.2511306,1.0,0,0.0,stim_maj_3_a,p08,1,1,0,1,-32.01,corr,main
97,36.012,587.3295358,1.0,0,0.0,stim_maj_3_a,p08,1,0,0,1,-36.012,corr,main
121,45.007,349.2282314,1.0,1,45.835,stim_maj_3_a,p08,1,0,1,1,0.828000000000003,hit,main
138,50.015,587.3295358,1.0,1,50.971,stim_maj_3_a,p08,1,0,1,1,0.955999999999996,hit,main
158,55.006,523.2511306,1.0,0,0.0,stim_maj_3_a,p08,1,0,0,1,-55.006,corr,main
22,6.001,523.2511306,1.0,0,0.0,stim_min_3_b,p08,1,0,0,1,-6.001,corr,main
29,8.254,523.2511306,1.0,0,0.0,stim_min_3_b,p08,1,1,0,1,-8.254,corr,main
48,15.008,493.8833013,17.5,1,15.598,stim_min_3_b,p08,1,0,1,1,0.5900000000000016,hit,main
58,19.011,293.6647679,1.0,1,19.798,stim_min_3_b,p08,1,0,1,1,0.786999999999999,hit,main
84,32.002,523.2511306,-17.5,1,32.643,stim_min_3_b,p08,1,1,1,1,0.6409999999999982,hit,main
100,42.003,415.3046976,17.5,1,42.551,stim_min_3_b,p08,1,0,0,1,0.5480000000000018,fa,main
110,47.008,261.6255653,1.0,1,47.786,stim_min_3_b,p08,1,0,1,1,0.7779999999999987,hit,main
118,50.012,311.1269837,-17.5,1,51.102,stim_min_3_b,p08,1,0,1,1,1.0899999999999963,hit,main
139,58.002,261.6255653,17.5,1,58.768,stim_min_3_b,p08,1,0,1,1,0.7659999999999982,hit,main
3,3.002,277.1826309768721,1.0,0,0.0,test3,p08,1,1,1,1,-3.002,miss,training
9,9.004,659.2551138257398,17.5,1,9.734,test3,p08,1,0,1,1,0.7300000000000004,hit,training
15,15.003,622.2539674441618,1.0,1,15.612,test3,p08,1,1,1,1,0.609,hit,training
19,19.006,659.2551138257398,-17.5,1,19.943,test3,p08,1,1,1,1,0.9370000000000012,hit,training
23,23.007,739.9888454232688,-17.5,0,0.0,test3,p08,1,1,0,1,-23.007,corr,training
27,27.006,440.0,-17.5,0,0.0,test3,p08,1,1,0,1,-27.006,corr,training
43,43.006,311.1269837220809,-17.5,1,43.565,test3,p08,1,1,1,1,0.5589999999999975,hit,training
46,46.01,220.0,-17.5,0,0.0,test3,p08,1,0,0,1,-46.01,corr,training
51,51.004,698.4564628660078,-17.5,1,51.98,test3,p08,1,1,0,1,0.9759999999999991,fa,training
10,4.007,523.2511306,1.0,1,4.862,stim_min_1_a,p08,1,0,1,1,0.8550000000000004,hit,main
20,8.009,261.6255653,17.5,1,9.206,stim_min_1_a,p08,1,1,1,1,1.1969999999999992,hit,main
23,11.014,391.995436,1.0,0,0.0,stim_min_1_a,p08,1,0,1,1,-11.014,miss,main
50,32.01,261.6255653,1.0,0,0.0,stim_min_1_a,p08,1,1,0,1,-32.01,corr,main
84,48.01,391.995436,1.0,1,48.91,stim_min_1_a,p08,1,1,1,1,0.8999999999999986,hit,main
95,53.007,293.6647679,-17.5,1,53.819,stim_min_1_a,p08,1,0,1,1,0.8120000000000047,hit,main
115,60.005,440.0,1.0,0,0.0,stim_min_1_a,p08,1,0,0,1,-60.005,corr,main
29,8.265,523.2511306,1.0,0,0.0,stim_min_3_a,p08,1,1,0,1,-8.265,corr,main
70,23.005,311.1269837,1.0,0,0.0,stim_min_3_a,p08,1,0,0,1,-23.005,corr,main
77,27.007,391.995436,-17.5,1,27.504,stim_min_3_a,p08,1,0,0,1,0.4969999999999999,fa,main
84,32.012,523.2511306,1.0,1,32.865,stim_min_3_a,p08,1,1,1,1,0.8530000000000015,hit,main
92,38.007,783.990872,17.5,1,38.941,stim_min_3_a,p08,1,0,1,1,0.9340000000000046,hit,main
104,44.0,466.1637615,1.0,1,45.153,stim_min_3_a,p08,1,0,1,1,1.1529999999999987,hit,main
122,52.016,261.6255653,1.0,1,52.922,stim_min_3_a,p08,1,0,1,1,0.9059999999999988,hit,main
143,60.012,311.1269837,1.0,0,0.0,stim_min_3_a,p08,1,0,0,1,-60.012,corr,main
148,62.005,195.997718,17.5,1,62.905,stim_min_3_a,p08,1,0,1,1,0.8999999999999986,hit,main
3,1.009,391.995436,1.0,1,2.227,stim_min_1_b,p08,1,0,1,1,1.218,hit,main
28,14.004,246.9416506,1.0,1,14.934,stim_min_1_b,p08,1,0,1,1,0.9299999999999997,hit,main
32,18.002,391.995436,-17.5,1,18.922,stim_min_1_b,p08,1,0,1,1,0.9200000000000017,hit,main
38,24.507,391.995436,-17.5,0,0.0,stim_min_1_b,p08,1,1,0,1,-24.507,corr,main
48,30.001,311.1269837,1.0,0,0.0,stim_min_1_b,p08,1,0,0,1,-30.001,corr,main
50,32.01,261.6255653,17.5,1,32.884,stim_min_1_b,p08,1,1,1,1,0.8740000000000023,hit,main
65,40.013,261.6255653,-17.5,1,40.932,stim_min_1_b,p08,1,1,1,1,0.919000000000004,hit,main
72,43.007,391.995436,1.0,0,0.0,stim_min_1_b,p08,1,0,1,1,-43.007,miss,main
88,50.006,261.6255653,17.5,0,0.0,stim_min_1_b,p08,1,0,0,1,-50.006,corr,main
4,4.01,391.99543598174927,1.0,0,0.0,test1,p08,1,0,0,1,-4.01,corr,training
11,11.003,369.9944227116344,1.0,1,11.999,test1,p08,1,1,1,1,0.9960000000000004,hit,training
15,15.006,523.2511306011972,-17.5,1,15.892,test1,p08,1,1,0,1,0.8859999999999992,fa,training
19,19.007,493.8833012561241,1.0,0,0.0,test1,p08,1,1,1,1,-19.007,miss,training
28,28.002,587.3295358348151,17.5,0,0.0,test1,p08,1,0,0,1,-28.002,corr,training
39,39.014,220.0,1.0,1,39.92,test1,p08,1,1,1,1,0.9059999999999988,hit,training
47,47.001,783.9908719634985,1.0,1,47.612,test1,p08,1,1,1,1,0.6110000000000042,hit,training
51,51.005,261.6255653005986,1.0,0,0.0,test1,p08,1,1,0,1,-51.005,corr,training
55,55.015,554.3652619537442,17.5,0,0.0,test1,p08,1,1,0,1,-55.015,corr,training
7,7.013,739.9888454232688,1.0,0,0.0,test5,p08,1,1,0,1,-7.013,corr,training
19,19.009,466.1637615180899,1.0,0,0.0,test5,p08,1,1,0,1,-19.009,corr,training
27,27.017,415.3046975799451,1.0,0,0.0,test5,p08,1,1,1,1,-27.017,miss,training
30,30.008,293.6647679174076,17.5,1,30.711,test5,p08,1,0,1,1,0.7029999999999994,hit,training
33,33.017,293.6647679174076,1.0,1,34.213,test5,p08,1,0,1,1,1.195999999999998,hit,training
36,36.008,739.9888454232688,1.0,0,0.0,test5,p08,1,0,0,1,-36.008,corr,training
39,39.005,880.0,-17.5,1,39.861,test5,p08,1,1,1,1,0.8559999999999945,hit,training
43,43.01,349.2282314330039,1.0,1,44.291,test5,p08,1,1,1,1,1.2809999999999988,hit,training
55,55.005,554.3652619537442,17.5,1,55.677,test5,p08,1,1,1,1,0.671999999999997,hit,training
7,7.013,739.9888454232688,17.5,1,7.697,test4,p08,1,1,1,1,0.6840000000000002,hit,training
15,15.009,622.2539674441618,-17.5,1,15.834,test4,p08,1,1,0,1,0.8249999999999993,fa,training
27,27.013,415.3046975799451,17.5,1,27.604,test4,p08,1,1,0,1,0.5909999999999975,fa,training
35,35.002,783.9908719634985,1.0,0,0.0,test4,p08,1,1,0,1,-35.002,corr,training
43,43.001,233.08188075904496,-17.5,1,43.436,test4,p08,1,1,1,1,0.4350000000000023,hit,training
49,49.014,293.6647679174076,-17.5,0,0.0,test4,p08,1,0,0,1,-49.014,corr,training
52,52.002,293.6647679174076,1.0,1,52.47,test4,p08,1,0,1,1,0.4679999999999964,hit,training
55,55.004,698.4564628660078,1.0,0,0.0,test4,p08,1,1,0,1,-55.004,corr,training
16,8.504,391.995436,-17.5,0,0.0,stim_maj_2_a,p08,1,1,0,1,-8.504,corr,main
31,15.013,293.6647679,1.0,1,15.896,stim_maj_2_a,p08,1,0,1,1,0.8830000000000009,hit,main
55,24.016,523.2511306,17.5,0,0.0,stim_maj_2_a,p08,1,1,0,1,-24.016,corr,main
66,31.004,523.2511306,1.0,0,0.0,stim_maj_2_a,p08,1,0,1,1,-31.004,miss,main
95,46.007,261.6255653,1.0,0,0.0,stim_maj_2_a,p08,1,0,0,1,-46.007,corr,main
100,48.265,391.995436,17.5,1,48.996,stim_maj_2_a,p08,1,1,1,0,0.7310000000000016,hit,main
107,50.003,783.990872,17.5,0,0.0,stim_maj_2_a,p08,1,0,0,1,-50.003,corr,main
128,56.001,261.6255653,-17.5,1,56.929,stim_maj_2_a,p08,1,1,0,1,0.9280000000000044,fa,main
132,60.015,293.6647679,17.5,1,61.042,stim_maj_2_a,p08,1,0,1,1,1.027000000000001,hit,main
16,8.503,391.995436,-17.5,0,0.0,stim_maj_2_b,p08,1,1,0,1,-8.503,corr,main
27,13.013,349.2282314,-17.5,0,0.0,stim_maj_2_b,p08,1,0,0,1,-13.013,corr,main
33,16.513,261.6255653,-17.5,0,0.0,stim_maj_2_b,p08,1,1,0,0,-16.513,corr,main
47,21.005,391.995436,1.0,1,21.692,stim_maj_2_b,p08,1,0,1,1,0.6870000000000012,hit,main
55,24.005,523.2511306,17.5,1,24.767,stim_maj_2_b,p08,1,1,1,1,0.7620000000000005,hit,main
83,40.012,261.6255653,1.0,1,40.715,stim_maj_2_b,p08,1,1,1,1,0.703000000000003,hit,main
99,47.014,261.6255653,17.5,1,47.6,stim_maj_2_b,p08,1,0,1,1,0.5859999999999985,hit,main
123,54.001,523.2511306,-17.5,1,54.637,stim_maj_2_b,p08,1,0,1,1,0.6360000000000028,hit,main
130,58.003,440.0,1.0,0,0.0,stim_maj_2_b,p08,1,0,1,1,-58.003,miss,main
33,13.007,349.2282314,17.5,0,0.0,stim_min_2_b,p09,1,0,0,1,-13.007,corr,main
63,23.01,523.2511306,-17.5,1,23.592,stim_min_2_b,p09,1,0,1,1,0.5819999999999972,hit,main
73,28.004,311.1269837,1.0,1,28.829,stim_min_2_b,p09,1,0,1,1,0.8249999999999993,hit,main
78,30.006,311.1269837,17.5,1,30.577,stim_min_2_b,p09,1,0,1,1,0.5710000000000015,hit,main
83,32.002,261.6255653,17.5,0,0.0,stim_min_2_b,p09,1,1,0,1,-32.002,corr,main
85,34.014,311.1269837,17.5,0,0.0,stim_min_2_b,p09,1,0,0,1,-34.014,corr,main
100,44.001,293.6647679,1.0,1,44.595,stim_min_2_b,p09,1,0,1,1,0.5940000000000012,hit,main
106,48.013,391.995436,-17.5,1,48.573,stim_min_2_b,p09,1,1,1,1,0.5600000000000023,hit,main
6,3.004,329.6275569,1.0,1,3.658,stim_maj_1_b,p09,1,0,1,1,0.6539999999999999,hit,main
35,16.013,261.6255653,1.0,0,0.0,stim_maj_1_b,p09,1,1,0,1,-16.013,corr,main
49,20.0,329.6275569,-17.5,0,0.0,stim_maj_1_b,p09,1,0,0,1,-20.0,corr,main
91,38.004,293.6647679,17.5,1,38.578,stim_maj_1_b,p09,1,1,1,1,0.5740000000000052,hit,main
95,40.015,261.6255653,1.0,0,0.0,stim_maj_1_b,p09,1,1,1,1,-40.015,miss,main
115,48.013,246.9416506,1.0,1,48.744,stim_maj_1_b,p09,1,1,1,1,0.7310000000000016,hit,main
129,54.013,261.6255653,17.5,1,54.588,stim_maj_1_b,p09,1,0,1,1,0.5750000000000028,hit,main
136,61.005,391.995436,17.5,0,0.0,stim_maj_1_b,p09,1,0,0,1,-61.005,corr,main
19,6.004,587.3295358,1.0,1,6.596,stim_maj_3_b,p09,1,0,1,1,0.5920000000000005,hit,main
22,8.262,783.990872,1.0,0,0.0,stim_maj_3_b,p09,1,1,0,1,-8.262,corr,main
41,13.008,659.2551138,1.0,0,0.0,stim_maj_3_b,p09,1,0,0,1,-13.008,corr,main
52,16.016,261.6255653,1.0,0,0.0,stim_maj_3_b,p09,1,1,0,1,-16.016,corr,main
118,44.008,261.6255653,1.0,1,44.626,stim_maj_3_b,p09,1,0,1,1,0.617999999999995,hit,main
130,48.005,523.2511306,17.5,1,48.679,stim_maj_3_b,p09,1,1,1,1,0.6739999999999995,hit,main
138,50.014,587.3295358,1.0,0,0.0,stim_maj_3_b,p09,1,0,1,1,-50.014,miss,main
159,56.51,261.6255653,-17.5,1,57.178,stim_maj_3_b,p09,1,1,1,1,0.6679999999999993,hit,main
168,60.007,440.0,17.5,0,0.0,stim_maj_3_b,p09,1,0,1,1,-60.007,miss,main
2,1.007,523.2511306,1.0,0,0.0,stim_min_3_a,p09,1,0,1,1,-1.007,miss,main
29,8.251,523.2511306,1.0,1,8.661,stim_min_3_a,p09,1,1,0,1,0.41000000000000014,fa,main
42,13.002,783.990872,1.0,0,0.0,stim_min_3_a,p09,1,0,0,1,-13.002,corr,main
50,16.01,261.6255653,17.5,1,16.661,stim_min_3_a,p09,1,1,1,1,0.6509999999999998,hit,main
60,20.013,391.995436,1.0,1,20.585,stim_min_3_a,p09,1,0,1,1,0.5719999999999992,hit,main
84,32.008,523.2511306,1.0,1,32.761,stim_min_3_a,p09,1,1,0,1,0.7530000000000001,fa,main
97,40.513,391.995436,17.5,1,41.023,stim_min_3_a,p09,1,1,1,1,0.5100000000000051,hit,main
106,45.008,415.3046976,1.0,1,45.461,stim_min_3_a,p09,1,0,1,1,0.45299999999999585,hit,main
148,62.011,195.997718,17.5,1,62.62,stim_min_3_a,p09,1,0,1,1,0.6089999999999947,hit,main
10,4.007,523.2511306,-17.5,0,0.0,stim_min_1_a,p09,1,0,0,1,-4.007,corr,main
20,8.009,261.6255653,1.0,0,0.0,stim_min_1_a,p09,1,1,0,1,-8.009,corr,main
41,26.014,246.9416506,1.0,0,0.0,stim_min_1_a,p09,1,0,0,1,-26.014,corr,main
64,39.005,195.997718,-17.5,1,39.861,stim_min_1_a,p09,1,0,1,1,0.8559999999999945,hit,main
72,43.005,391.995436,1.0,1,43.798,stim_min_1_a,p09,1,0,1,1,0.7929999999999993,hit,main
83,47.011,261.6255653,17.5,1,47.57,stim_min_1_a,p09,1,0,1,1,0.5589999999999975,hit,main
90,51.003,311.1269837,1.0,1,51.812,stim_min_1_a,p09,1,0,1,1,0.8089999999999975,hit,main
117,61.013,391.995436,1.0,1,61.591,stim_min_1_a,p09,1,0,1,1,0.578000000000003,hit,main
16,8.503,391.995436,1.0,1,8.984,stim_maj_2_b,p09,1,1,1,1,0.48099999999999987,hit,main
24,12.012,261.6255653,17.5,0,0.0,stim_maj_2_b,p09,1,0,0,1,-12.012,corr,main
31,15.001,293.6647679,1.0,0,0.0,stim_maj_2_b,p09,1,0,0,1,-15.001,corr,main
35,17.014,329.6275569,-17.5,0,0.0,stim_maj_2_b,p09,1,0,0,1,-17.014,corr,main
55,24.0,523.2511306,1.0,0,0.0,stim_maj_2_b,p09,1,1,0,1,-24.0,corr,main
83,40.005,261.6255653,17.5,0,0.0,stim_maj_2_b,p09,1,1,0,1,-40.005,corr,main
107,50.0,783.990872,-17.5,1,50.699,stim_maj_2_b,p09,1,0,1,1,0.6989999999999981,hit,main
128,56.014,261.6255653,1.0,0,0.0,stim_maj_2_b,p09,1,1,1,1,-56.014,miss,main
24,12.008,261.6255653,1.0,0,0.0,stim_maj_2_a,p09,1,0,1,1,-12.008,miss,main
33,16.515,261.6255653,1.0,0,0.0,stim_maj_2_a,p09,1,1,0,0,-16.515,corr,main
67,32.011,391.995436,-17.5,1,32.784,stim_maj_2_a,p09,1,1,1,1,0.7729999999999961,hit,main
79,37.006,329.6275569,1.0,1,37.75,stim_maj_2_a,p09,1,0,1,1,0.7439999999999998,hit,main
103,49.012,523.2511306,1.0,0,0.0,stim_maj_2_a,p09,1,0,0,1,-49.012,corr,main
111,51.014,587.3295358,1.0,0,0.0,stim_maj_2_a,p09,1,0,0,1,-51.014,corr,main
128,56.012,261.6255653,1.0,1,56.858,stim_maj_2_a,p09,1,1,1,1,0.8459999999999965,hit,main
131,59.013,349.2282314,1.0,0,0.0,stim_maj_2_a,p09,1,0,0,1,-59.013,corr,main
132,60.011,293.6647679,17.5,0,0.0,stim_maj_2_a,p09,1,0,1,1,-60.011,miss,main
7,7.002,369.9944227116344,1.0,0,0.0,test4,p09,1,1,0,1,-7.002,corr,training
11,11.01,369.9944227116344,17.5,0,0.0,test4,p09,1,1,1,1,-11.01,miss,training
20,20.024,261.6255653005986,1.0,0,0.0,test4,p09,1,0,0,1,-20.024,corr,training
28,28.011,830.6093951598903,-17.5,0,0.0,test4,p09,1,0,0,1,-28.011,corr,training
35,35.008,493.8833012561241,17.5,1,35.539,test4,p09,1,1,1,1,0.5309999999999988,hit,training
39,39.004,622.2539674441618,1.0,1,39.691,test4,p09,1,1,1,1,0.6870000000000047,hit,training
46,46.0,739.9888454232688,-17.5,1,46.557,test4,p09,1,0,1,1,0.5570000000000022,hit,training
51,51.008,293.6647679174076,-17.5,0,0.0,test4,p09,1,1,0,1,-51.008,corr,training
52,52.008,659.2551138257398,1.0,0,0.0,test4,p09,1,0,1,1,-52.008,miss,training
55,55.011,698.4564628660078,17.5,0,0.0,test4,p09,1,1,0,0,-55.011,corr,training
3,3.002,415.3046975799451,1.0,1,3.557,test5,p09,1,1,1,1,0.5550000000000002,hit,training
7,7.01,739.9888454232688,1.0,0,0.0,test5,p09,1,1,0,1,-7.01,corr,training
14,14.008,391.99543598174927,17.5,0,0.0,test5,p09,1,0,0,1,-14.008,corr,training
31,31.002,277.1826309768721,1.0,0,0.0,test5,p09,1,1,1,1,-31.002,miss,training
35,35.011,349.2282314330039,17.5,1,35.558,test5,p09,1,1,1,1,0.546999999999997,hit,training
39,39.007,311.1269837220809,1.0,0,0.0,test5,p09,1,1,0,1,-39.007,corr,training
43,43.013,329.6275569128699,1.0,0,0.0,test5,p09,1,1,0,1,-43.013,corr,training
49,49.012,587.3295358348151,-17.5,1,49.431,test5,p09,1,0,0,1,0.41899999999999693,fa,training
54,54.013,493.8833012561241,17.5,1,54.493,test5,p09,1,0,1,1,0.480000000000004,hit,training
55,55.013,587.3295358348151,1.0,0,0.0,test5,p09,1,1,1,0,-55.013,miss,training
14,14.008,349.2282314330039,17.5,0,0.0,test1,p09,1,0,1,1,-14.008,miss,training
17,17.003,349.2282314330039,1.0,0,0.0,test1,p09,1,0,1,1,-17.003,miss,training
23,23.013,830.6093951598903,1.0,1,23.557,test1,p09,1,1,1,1,0.5439999999999969,hit,training
27,27.005,554.3652619537442,1.0,0,0.0,test1,p09,1,1,0,1,-27.005,corr,training
33,33.01,311.1269837220809,17.5,1,33.658,test1,p09,1,0,0,1,0.6480000000000032,fa,training
39,39.0,698.4564628660078,1.0,1,39.483,test1,p09,1,1,1,1,0.482999999999997,hit,training
43,43.006,329.6275569128699,-17.5,0,0.0,test1,p09,1,1,1,1,-43.006,miss,training
47,47.013,880.0,1.0,1,47.676,test1,p09,1,1,1,1,0.6630000000000038,hit,training
4,4.003,246.9416506280621,1.0,0,0.0,test2,p09,1,0,0,1,-4.003,corr,training
15,15.01,349.2282314330039,-17.5,1,15.413,test2,p09,1,1,1,1,0.40300000000000047,hit,training
27,27.009,466.1637615180899,1.0,0,0.0,test2,p09,1,1,0,1,-27.009,corr,training
31,31.015,493.8833012561241,17.5,1,31.435,test2,p09,1,1,1,1,0.41999999999999815,hit,training
35,35.01,277.1826309768721,1.0,1,35.522,test2,p09,1,1,1,1,0.5120000000000005,hit,training
39,39.003,329.6275569128699,-17.5,1,39.391,test2,p09,1,1,1,1,0.3879999999999981,hit,training
43,43.004,698.4564628660078,-17.5,1,43.432,test2,p09,1,1,0,1,0.4280000000000044,fa,training
46,46.004,659.2551138257398,1.0,1,46.573,test2,p09,1,0,1,1,0.5690000000000026,hit,training
51,51.004,554.3652619537442,1.0,1,51.547,test2,p09,1,1,0,1,0.5429999999999993,fa,training
54,54.001,466.1637615180899,17.5,1,54.482,test2,p09,1,0,1,1,0.48100000000000165,hit,training
4,4.007,233.08188075904496,-17.5,0,0.0,test3,p09,1,0,0,1,-4.007,corr,training
7,7.007,311.1269837220809,-17.5,0,0.0,test3,p09,1,1,0,1,-7.007,corr,training
11,11.007,311.1269837220809,-17.5,0,0.0,test3,p09,1,1,0,1,-11.007,corr,training
15,15.002,293.6647679174076,17.5,1,15.821,test3,p09,1,1,1,1,0.8189999999999991,hit,training
35,35.003,523.2511306011972,17.5,1,35.502,test3,p09,1,1,1,1,0.49900000000000233,hit,training
39,39.005,220.0,1.0,1,39.66,test3,p09,1,1,1,1,0.654999999999994,hit,training
46,46.009,659.2551138257398,-17.5,1,46.485,test3,p09,1,0,1,1,0.4759999999999991,hit,training
51,51.006,311.1269837220809,-17.5,0,0.0,test3,p09,1,1,0,1,-51.006,corr,training
54,54.005,261.6255653005986,17.5,1,54.678,test3,p09,1,0,1,1,0.6729999999999947,hit,training
55,55.012,783.9908719634985,1.0,0,0.0,test3,p09,1,1,1,0,-55.012,miss,training
16,8.509,391.995436,1.0,1,9.15,stim_maj_2_b,p07,1,1,1,1,0.641,hit,main
57,25.008,659.2551138,1.0,0,0.0,stim_maj_2_b,p07,1,0,0,1,-25.008,corr,main
61,28.0,523.2511306,1.0,0,0.0,stim_maj_2_b,p07,1,0,0,1,-28.0,corr,main
77,36.009,329.6275569,-17.5,0,0.0,stim_maj_2_b,p07,1,0,0,1,-36.009,corr,main
83,40.015,261.6255653,1.0,1,40.651,stim_maj_2_b,p07,1,1,1,1,0.6360000000000028,hit,main
91,44.014,391.995436,17.5,1,44.749,stim_maj_2_b,p07,1,0,1,1,0.7349999999999994,hit,main
99,47.014,261.6255653,1.0,1,47.742,stim_maj_2_b,p07,1,0,1,1,0.7279999999999944,hit,main
111,51.013,587.3295358,1.0,0,0.0,stim_maj_2_b,p07,1,0,0,1,-51.013,corr,main
126,55.001,659.2551138,-17.5,0,0.0,stim_maj_2_b,p07,1,0,0,1,-55.001,corr,main
33,16.5,261.6255653,-17.5,0,0.0,stim_maj_2_a,p07,1,1,0,0,-16.5,corr,main
64,29.015,587.3295358,17.5,0,0.0,stim_maj_2_a,p07,1,0,0,1,-29.015,corr,main
67,32.005,391.995436,1.0,1,33.105,stim_maj_2_a,p07,1,1,1,1,1.0999999999999943,hit,main
95,46.013,261.6255653,-17.5,0,0.0,stim_maj_2_a,p07,1,0,0,1,-46.013,corr,main
100,48.264,391.995436,1.0,1,48.844,stim_maj_2_a,p07,1,1,1,0,0.5799999999999983,hit,main
115,52.014,659.2551138,17.5,1,52.728,stim_maj_2_a,p07,1,0,1,1,0.7139999999999986,hit,main
126,55.012,659.2551138,1.0,1,55.803,stim_maj_2_a,p07,1,0,1,1,0.7909999999999968,hit,main
131,59.007,349.2282314,-17.5,1,59.772,stim_maj_2_a,p07,1,0,1,1,0.7650000000000006,hit,main
132,60.006,293.6647679,1.0,0,0.0,stim_maj_2_a,p07,1,0,1,1,-60.006,miss,main
8,3.003,587.3295358,1.0,0,0.0,stim_min_1_b,p07,1,0,0,1,-3.003,corr,main
20,8.014,261.6255653,1.0,1,8.608,stim_min_1_b,p07,1,1,1,1,0.5940000000000012,hit,main
36,22.013,349.2282314,1.0,1,22.654,stim_min_1_b,p07,1,0,1,1,0.6409999999999982,hit,main
42,27.006,261.6255653,17.5,1,27.583,stim_min_1_b,p07,1,0,1,1,0.5769999999999982,hit,main
50,32.001,261.6255653,1.0,1,32.607,stim_min_1_b,p07,1,1,1,1,0.6060000000000016,hit,main
65,40.004,261.6255653,1.0,0,0.0,stim_min_1_b,p07,1,1,0,1,-40.004,corr,main
72,43.014,391.995436,-17.5,1,43.612,stim_min_1_b,p07,1,0,1,1,0.597999999999999,hit,main
83,47.001,261.6255653,1.0,1,47.722,stim_min_1_b,p07,1,0,1,1,0.7210000000000036,hit,main
99,56.013,261.6255653,17.5,0,0.0,stim_min_1_b,p07,1,1,0,1,-56.013,corr,main
29,8.254,523.2511306,1.0,1,8.767,stim_min_3_a,p07,1,1,1,1,0.5129999999999999,hit,main
52,17.007,311.1269837,17.5,0,0.0,stim_min_3_a,p07,1,0,0,1,-17.007,corr,main
72,24.009,391.995436,-17.5,0,0.0,stim_min_3_a,p07,1,1,0,1,-24.009,corr,main
79,29.003,391.995436,1.0,0,0.0,stim_min_3_a,p07,1,0,1,1,-29.003,miss,main
88,34.009,783.990872,17.5,1,34.706,stim_min_3_a,p07,1,0,1,1,0.6970000000000027,hit,main
97,40.509,391.995436,1.0,0,0.0,stim_min_3_a,p07,1,1,0,1,-40.509,corr,main
122,52.0,261.6255653,1.0,1,52.766,stim_min_3_a,p07,1,0,1,1,0.7659999999999982,hit,main
134,55.003,261.6255653,1.0,0,0.0,stim_min_3_a,p07,1,0,0,1,-55.003,corr,main
143,60.012,311.1269837,17.5,0,0.0,stim_min_3_a,p07,1,0,0,1,-60.012,corr,main
5,2.011,523.2511306,1.0,1,2.573,stim_min_1_a,p07,1,0,1,1,0.5619999999999998,hit,main
10,4.002,523.2511306,17.5,1,4.533,stim_min_1_a,p07,1,0,1,1,0.5310000000000006,hit,main
20,8.005,261.6255653,1.0,1,8.842,stim_min_1_a,p07,1,1,1,1,0.8369999999999997,hit,main
35,21.009,523.2511306,-17.5,0,0.0,stim_min_1_a,p07,1,0,0,1,-21.009,corr,main
38,24.506,391.995436,1.0,1,25.255,stim_min_1_a,p07,1,1,1,1,0.7489999999999988,hit,main
48,30.004,311.1269837,17.5,0,0.0,stim_min_1_a,p07,1,0,1,1,-30.004,miss,main
62,38.014,293.6647679,1.0,0,0.0,stim_min_1_a,p07,1,0,0,1,-38.014,corr,main
65,40.01,261.6255653,-17.5,1,40.82,stim_min_1_a,p07,1,1,1,1,0.8100000000000023,hit,main
83,47.008,261.6255653,1.0,1,47.646,stim_min_1_a,p07,1,0,1,1,0.6379999999999981,hit,main
29,8.263,523.2511306,1.0,1,8.809,stim_min_3_b,p07,1,1,1,1,0.5459999999999994,hit,main
54,18.014,415.3046976,1.0,1,18.584,stim_min_3_b,p07,1,0,1,1,0.5700000000000003,hit,main
66,22.015,391.995436,1.0,0,0.0,stim_min_3_b,p07,1,0,0,1,-22.015,corr,main
88,34.007,783.990872,1.0,1,34.616,stim_min_3_b,p07,1,0,1,1,0.6090000000000018,hit,main
97,40.503,391.995436,17.5,1,41.238,stim_min_3_b,p07,1,1,1,1,0.7349999999999994,hit,main
104,44.008,466.1637615,1.0,1,44.664,stim_min_3_b,p07,1,0,1,1,0.6559999999999988,hit,main
120,51.007,246.9416506,1.0,0,0.0,stim_min_3_b,p07,1,0,0,1,-51.007,corr,main
134,55.001,261.6255653,1.0,1,55.594,stim_min_3_b,p07,1,0,1,1,0.5930000000000035,hit,main
143,60.012,311.1269837,17.5,0,0.0,stim_min_3_b,p07,1,0,0,1,-60.012,corr,main
15,5.0,523.2511306,-17.5,0,0.0,stim_maj_3_a,p07,1,0,0,1,-5.0,corr,main
60,22.0,329.6275569,-17.5,1,22.781,stim_maj_3_a,p07,1,0,1,1,0.7809999999999988,hit,main
64,24.504,391.995436,-17.5,0,0.0,stim_maj_3_a,p07,1,1,0,1,-24.504,corr,main
75,28.006,329.6275569,1.0,1,28.637,stim_maj_3_a,p07,1,0,1,1,0.6310000000000002,hit,main
86,32.005,523.2511306,17.5,1,32.677,stim_maj_3_a,p07,1,1,1,1,0.671999999999997,hit,main
110,40.512,391.995436,1.0,1,41.228,stim_maj_3_a,p07,1,1,1,1,0.7160000000000011,hit,main
125,46.012,293.6647679,-17.5,1,46.618,stim_maj_3_a,p07,1,0,1,1,0.6060000000000016,hit,main
134,49.004,391.995436,1.0,1,49.659,stim_maj_3_a,p07,1,0,1,1,0.6550000000000011,hit,main
159,56.506,261.6255653,1.0,0,0.0,stim_maj_3_a,p07,1,1,0,1,-56.506,corr,main
3,2.01,349.2282314,1.0,1,2.642,stim_maj_1_b,p07,1,0,1,1,0.6320000000000001,hit,main
23,10.011,659.2551138,1.0,0,0.0,stim_maj_1_b,p07,1,0,0,1,-10.011,corr,main
58,24.001,391.995436,1.0,1,25.062,stim_maj_1_b,p07,1,1,1,1,1.061,hit,main
79,32.013,523.2511306,-17.5,1,32.591,stim_maj_1_b,p07,1,1,1,1,0.578000000000003,hit,main
99,42.008,440.0,17.5,0,0.0,stim_maj_1_b,p07,1,0,0,1,-42.008,corr,main
106,45.001,391.995436,1.0,1,45.772,stim_maj_1_b,p07,1,0,1,1,0.7710000000000008,hit,main
115,48.005,246.9416506,-17.5,1,48.665,stim_maj_1_b,p07,1,1,1,1,0.6599999999999966,hit,main
130,56.5,523.2511306,1.0,0,0.0,stim_maj_1_b,p07,1,1,0,1,-56.5,corr,main
7,2.002,391.995436,1.0,1,2.767,stim_maj_3_b,p07,1,0,1,1,0.7650000000000001,hit,main
22,8.261,783.990872,17.5,1,9.031,stim_maj_3_b,p07,1,1,1,1,0.7700000000000014,hit,main
50,15.002,391.995436,1.0,1,15.708,stim_maj_3_b,p07,1,0,1,1,0.7059999999999995,hit,main
64,24.515,391.995436,1.0,1,25.628,stim_maj_3_b,p07,1,1,1,1,1.1129999999999995,hit,main
110,40.507,391.995436,-17.5,0,0.0,stim_maj_3_b,p07,1,1,0,1,-40.507,corr,main
129,47.0,261.6255653,1.0,1,47.892,stim_maj_3_b,p07,1,0,1,1,0.892000000000003,hit,main
142,51.003,391.995436,1.0,0,0.0,stim_maj_3_b,p07,1,0,0,1,-51.003,corr,main
150,53.015,698.4564629,17.5,1,53.78,stim_maj_3_b,p07,1,0,1,1,0.7650000000000006,hit,main
170,61.013,349.2282314,17.5,0,0.0,stim_maj_3_b,p07,1,0,0,1,-61.013,corr,main
18,8.5,391.995436,1.0,1,9.139,stim_maj_1_a,p07,1,1,1,1,0.6389999999999993,hit,main
32,14.013,293.6647679,1.0,1,14.69,stim_maj_1_a,p07,1,0,1,1,0.6769999999999996,hit,main
58,24.013,391.995436,1.0,0,0.0,stim_maj_1_a,p07,1,1,0,1,-24.013,corr,main
79,32.006,523.2511306,-17.5,1,32.767,stim_maj_1_a,p07,1,1,1,1,0.7610000000000028,hit,main
91,38.005,293.6647679,1.0,0,0.0,stim_maj_1_a,p07,1,1,0,1,-38.005,corr,main
101,43.014,391.995436,1.0,1,43.698,stim_maj_1_a,p07,1,0,1,1,0.6839999999999975,hit,main
110,46.002,523.2511306,-17.5,1,46.824,stim_maj_1_a,p07,1,0,1,1,0.8219999999999956,hit,main
130,56.509,523.2511306,17.5,1,57.193,stim_maj_1_a,p07,1,1,1,1,0.6839999999999975,hit,main
12,5.004,523.2511306,1.0,1,5.658,stim_min_2_b,p07,1,0,1,1,0.6540000000000008,hit,main
29,12.004,246.9416506,17.5,0,0.0,stim_min_2_b,p07,1,0,0,1,-12.004,corr,main
59,22.014,659.2551138,1.0,0,0.0,stim_min_2_b,p07,1,0,0,1,-22.014,corr,main
64,24.503,261.6255653,-17.5,1,25.068,stim_min_2_b,p07,1,1,1,1,0.5650000000000013,hit,main
73,28.012,311.1269837,1.0,1,28.737,stim_min_2_b,p07,1,0,1,1,0.7249999999999979,hit,main
94,40.513,261.6255653,17.5,0,0.0,stim_min_2_b,p07,1,1,0,1,-40.513,corr,main
100,44.002,293.6647679,1.0,1,44.706,stim_min_2_b,p07,1,0,1,1,0.7040000000000006,hit,main
106,48.016,391.995436,-17.5,1,48.64,stim_min_2_b,p07,1,1,1,1,0.6240000000000023,hit,main
125,62.013,311.1269837,17.5,1,62.793,stim_min_2_b,p07,1,0,1,1,0.7800000000000011,hit,main
20,7.012,261.6255653,1.0,1,7.703,stim_min_2_a,p07,1,0,1,1,0.6910000000000007,hit,main
52,19.015,659.2551138,1.0,1,19.478,stim_min_2_a,p07,1,0,1,1,0.46300000000000097,hit,main
64,24.501,261.6255653,-17.5,1,25.123,stim_min_2_a,p07,1,1,1,1,0.6219999999999999,hit,main
82,31.003,391.995436,1.0,1,31.606,stim_min_2_a,p07,1,0,0,1,0.6030000000000015,fa,main
84,33.009,391.995436,1.0,0,0.0,stim_min_2_a,p07,1,0,0,1,-33.009,corr,main
94,40.504,261.6255653,1.0,1,41.398,stim_min_2_a,p07,1,1,1,1,0.8940000000000055,hit,main
106,48.014,391.995436,1.0,0,0.0,stim_min_2_a,p07,1,1,0,1,-48.014,corr,main
113,52.008,391.995436,1.0,1,52.657,stim_min_2_a,p07,1,0,1,1,0.6489999999999938,hit,main
4,4.007,233.08188075904496,1.0,0,0.0,test2,p07,1,0,0,1,-4.007,corr,training
11,11.03,369.9944227116344,1.0,0,0.0,test2,p07,1,1,1,1,-11.03,miss,training
19,19.003,415.3046975799451,-17.5,1,19.691,test2,p07,1,1,0,1,0.6879999999999988,fa,training
23,23.011,277.1826309768721,1.0,0,0.0,test2,p07,1,1,0,1,-23.011,corr,training
31,31.028,293.6647679174076,17.5,1,32.701,test2,p07,1,1,1,1,1.6730000000000018,hit,training
35,35.002,554.3652619537442,17.5,0,0.0,test2,p07,1,1,0,1,-35.002,corr,training
39,39.006,277.1826309768721,-17.5,1,40.334,test2,p07,1,1,1,1,1.328000000000003,hit,training
46,46.006,349.2282314330039,-17.5,0,0.0,test2,p07,1,0,0,1,-46.006,corr,training
51,51.002,349.2282314330039,1.0,1,52.248,test2,p07,1,1,1,1,1.2459999999999951,hit,training
1,1.015,493.8833012561241,-17.5,0,0.0,test4,p07,1,0,0,1,-1.015,corr,training
7,7.001,739.9888454232688,1.0,0,0.0,test4,p07,1,1,0,1,-7.001,corr,training
11,11.008,783.9908719634985,17.5,1,11.904,test4,p07,1,1,1,1,0.8960000000000008,hit,training
15,15.006,622.2539674441618,1.0,1,15.756,test4,p07,1,1,1,1,0.75,hit,training
31,31.011,739.9888454232688,17.5,0,0.0,test4,p07,1,1,1,1,-31.011,miss,training
36,36.01,220.0,1.0,1,36.519,test4,p07,1,0,1,1,0.5090000000000003,hit,training
43,43.007,233.08188075904496,1.0,1,43.711,test4,p07,1,1,1,1,0.7040000000000006,hit,training
47,47.004,277.1826309768721,1.0,0,0.0,test4,p07,1,1,0,1,-47.004,corr,training
51,51.009,415.3046975799451,1.0,0,0.0,test4,p07,1,1,0,1,-51.009,corr,training
4,4.008,554.3652619537442,17.5,0,0.0,test5,p07,1,0,1,1,-4.008,miss,training
11,11.0,622.2539674441618,1.0,0,0.0,test5,p07,1,1,0,1,-11.0,corr,training
15,15.002,349.2282314330039,-17.5,1,15.501,test5,p07,1,1,1,1,0.4989999999999988,hit,training
19,19.002,466.1637615180899,1.0,1,19.771,test5,p07,1,1,1,1,0.7690000000000019,hit,training
31,31.014,233.08188075904496,17.5,0,0.0,test5,p07,1,1,0,1,-31.014,corr,training
35,35.012,783.9908719634985,1.0,1,35.737,test5,p07,1,1,1,1,0.7250000000000014,hit,training
43,43.015,349.2282314330039,-17.5,1,43.534,test5,p07,1,1,0,1,0.5189999999999984,fa,training
49,49.011,587.3295358348151,1.0,0,0.0,test5,p07,1,0,0,1,-49.011,corr,training
55,55.01,554.3652619537442,17.5,1,55.621,test5,p07,1,1,0,1,0.6110000000000042,fa,training
